item	nome	imagem	link	descricao	tema	descritores	tipo de recurso	idioma	autores	permissoes	tamanho	versão android	versao app	data revisão	ano	disciplina	
1	Palavra Cantada Oficial: Brincando com Palavras	recursos/img/Mobile/Portugues/1/PalavraCantadaOficialBrincandocomPalavras.jpg	https://play.google.com/store/apps/details?id=air.brincandopalavras	O aplicativo “Palavra Cantada Oficial: Brincando com Palavras” traz atividades lúdicas que possibilitam trabalhar não apenas a formação de palavras, mas também a percepção visual e a coordenação motora de crianças em processo de aquisição da escrita.	Formação de palavras.	DPI01	Animação.	Português.	Sioux.	Local, fotos/mídia/arquivos, armazenamento, outros.	Varia de acordo com o dispositivo.	4.1 ou superior.	3.7.	24/11/2020.	1	Portugues	 
2	Histórias Infantis para Ler	recursos/img/Mobile/Portugues/1/historiasinfantisparaler.jpg	https://play.google.com/store/apps/details?id=com.farkingdoms.stories&hl=pt_BR	O aplicativo “Histórias Infantis para Ler” apresenta um conjunto de histórias infantis que permitem que o aluno amplie o gosto pela leitura. Além disso, propicia o contato com diferentes gêneros textuais, tais como a fábula e o conto.	Histórias infantis. Gêneros textuais. Fábula. Conto.	DPI05,DPI06,DPI07,DPI14	Livro Digital.	Português.	Far Kingdoms - Stories and Fairy Tales.	Outros (Acesso total à rede e impedir modo ocioso do telefone).	25 MB.	4.1 ou superior.	3.0.2.	09/03/2021	1	Portugues	 
3	Meu Livro de Historinhas	recursos\img\Mobile\Portugues\1\MeuLivrodeHistorinhas.png	https://play.google.com/store/apps/details?id=com.appsbergman.historias&hl=pt_BR	O aplicativo “Meu Livro de Historinhas” apresenta um conjunto de histórias infantis, buscando promover a leitura, com ilustrações animadas e coloridas.	Histórias infantis. Leitura. Interpretação.	DPI01,DPI05,DPI06,DPI07	Livro Digital.	Português.	Apps Bergman.	Outros (Visualizar conexões de rede, permitir recepção Wi-Fi, acesso total à rede, impedir modo ocioso do telefone).	147 MB.	4.4 ou superior.	1.2.11.	08/01/2021	1	Portugues	 
4	Ariê e os Patinhos	recursos/img/Mobile/Portugues/1/arieeospatinhos.jpg	https://play.google.com/store/apps/details?id=air.patinhos&hl=pt_BR	O aplicativo “Ariê e os Patinhos” explora o alfabeto de modo interativo e divertido, bem como apresenta as letras maiúsculas e minúsculas, favorecendo a ampliação do repertório de letras por parte dos alunos em processo de alfabetização.	Estudo do alfabeto.	DPI01	Animação.	Português.	Krafthaus Designers.	Fotos/mídia/arquivos, armazenamento, outros.	13 MB.	4.0 ou superior.	1.0.3.	24/11/2020.	1	Portugues	 
5	As Minhas Histórias	recursos/img/Mobile/Portugues/1/asminhashistorias.jpg	https://play.google.com/store/apps/details?id=com.dzago.roberto.minhashistorias&hl=pt_BR	O aplicativo “As Minhas Histórias” apresenta um conjunto de histórias infantis, buscando promover o estímulo à leitura e à compreensão textual, a partir da resolução de perguntas presentes no final de cada história.	Histórias infantis.	DPI01,DPI07,DPI09	Livro Digital.	Português.	Dzago Studio.	Fotos/mídia/arquivos, armazenamento, outros.	52 MB.	4.1 ou superior.	1.49.	24/11/2020.	1	Portugues	 
6	Primeiras Palavras para Crianças	recursos\img\Mobile\Portugues\1\PrimeirasPalavrasparaCriancas.png	https://play.google.com/store/apps/details?id=com.appsbergman.primeiraspalavras&hl=pt_BR	O aplicativo “Primeiras Palavras para Crianças” permite desenvolver e aprimorar a oralidade e a habilidade de escrita, a partir da composição e da soletração de palavras.	Identificação das letras. Formação de palavras. Oralidade. Leitura. Escrita.	DPI03,DPI05	Exercício e prática.	Português.	Apps Bergman.	Outros (Receber dados da Internet, visualizar conexões de rede, acesso total à rede, impedir modo ocioso do telefone).	75 MB.	4.1 ou superior.	1.2.9.	08/01/2021	1	Portugues	 
7	GraphoGame Brasil	recursos\img\Mobile\Portugues\1\GraphoGameBrasil.png	https://play.google.com/store/apps/details?id=com.graphogame.gg_brazil_free&hl=pt_BR&gl=US	O aplicativo “GraphoGame Brasil” tem como objetivo trabalhar as vogais, as sílabas e a conciência fonológica das crianças na fase de alfabetização. 	Estudo das vogais. Estudo das sílabas. Consciência fonológica.	DPI01,DPI03,DPI04,DPI05	Exercício e prática.	Português.	GraphoGame.	Outros (Visualizar conexões de rede, acesso total à rede).	66 MB.	4.3 ou superior.	1.0.8.	08/01/2021	1	Portugues	 
8	Brincando com as Vogais	recursos\img\Mobile\Portugues\1\BrincandoComAsVogais.png	https://play.google.com/store/apps/details?id=br.com.noas.brincandocomasvogais&hl=pt_BR	O aplicativo “Brincando com as Vogais” permite desenvolver habilidades de leitura e de escrita por meio da formação de palavras, utilizando as vogais para completá-las e colaborando, assim, para o processo de alfabetização. 	Formação de palavras. Correlação entre palavra e imagem.	DPI03,DPI04,DPI05,DPII19	Exercício e prática.	Português.	Sistema de Ensino CNEC.	Outros (Visualizar conexões de rede, acesso total à rede).	7,40 MB.	5.0 ou superior.	1.0.0.	08/01/2021	1	Portugues	 
9	Folhinhas Alfabéticas	recursos\img\Mobile\Portugues\1\FolhinhasAlfabeticas.png	https://play.google.com/store/apps/details?id=br.com.noas.folhinhasalfabeticas&hl=pt_BR	O aplicativo “Folhinhas Alfabéticas” tem como objetivo trabalhar o alfabeto e a identificação das letras maiúsculas e letras cursivas, contribuindo para o processo de alfabetização na fase inicial.	Identificação das letras maiúsculas e minúsculas. Letra cursiva.	DPI01	Exercício e prática.	Português.	Sistema de Ensino CNEC.	Outros (Visualizar conexões de rede, acesso total à rede).	3,97 MB.	2.3.3 ou superior.	1.0.1.	08/01/2021.	1	Portugues	 
10	Brincando com o Alfabeto	recursos/img/Mobile/Portugues/1/brincandocomoalfabeto.jpg	https://play.google.com/store/apps/details?id=br.com.noas.brincandocomoalfabeto	O aplicativo “Brincando com o Alfabeto” busca contribuir com o processo de alfabetização, desenvolvendo a capacidade de associação da letra sugerida à palavra correspondente, de acordo com o reconhecimento da letra inicial.	Estudo do alfabeto.	DPI01,DPI05	Exercício e prática.	Português.	Sistema de Ensino CNEC.	Outros (Visualiza conexões de rede e acesso total à rede).	12 MB.	2.3.3 ou superior.	1.0.2.	24/11/2020.	1	Portugues	 
11	LeLe Sílabas	recursos/img/Mobile/Portugues/2/lelesilabas.jpg	https://play.google.com/store/apps/details?id=com.morgade.lele&hl=pt	O aplicativo “LeLe Sílabas” tem como objetivo estimular a aquisição da leitura e da escrita de palavras. De forma interativa, o aplicativo propõe a combinação de sílabas para formar as palavras, bem como busca desenvolver a compreensão leitora, a partir da identificação das palavras à sua imagem correspondente.	Estudo das sílabas. Formação de palavras.	DPI01,DPI03,DPI05,DPI07,DPII19	Exercício e prática.	Português.	Morgade Soft.	Este app não requer permissões especiais para ser executado.	28 MB.	2.3 ou superior.	1.2.	24/11/2020.	2	Portugues	 
12	Silabando	recursos/img/Mobile/Portugues/2/Silabando.jpg	https://play.google.com/store/apps/details?id=com.appsbergman.silabando&hl=pt_BR	O aplicativo “Silabando” aborda o estudo das sílabas e trabalha a formação de palavras, a partir da compreensão dos agrupamentos silábicos e das imagens correspondentes. Assim, o recurso busca contribuir para a aquisição da leitura e da escrita por alunos em processo de alfabetização.	Estudo das sílabas. Formação de palavras.	DPI03,DPI05,DPI07,DPII19	Exercício e prática.	Português.	Apps Bergman.	Outros (Receber dados da Internet, visualizar conexões de rede, acesso total à rede).	29 MB.	4.1 ou superior.	1.2.25.	24/11/2020.	2	Portugues	 
13	Formação de Palavras	recursos/img/Mobile/Portugues/2/formacaodepalavras.jpg	https://play.google.com/store/apps/details?id=com.noas.formacao&hl=pt_BR	O aplicativo “Formação de Palavras” tem como objetivo trabalhar a composição de palavras, a partir da compreensão dos agrupamentos silábicos e da relação entre nome e imagem.	Formação de palavras.	DPI03,DPI04,DPI05,DPII19	Exercício e prática.	Português.	Sistema de Ensino CNEC.	Outros (Visualiza conexões de rede e acesso total à rede).	25 MB.	2.3 ou superior.	1.0.	24/11/2020.	2	Portugues	 
14	Os Três Porquinhos e o Lobo Mau, o Conto de Fadas	recursos/img/Mobile/Portugues/2/ostresporquinhoseolobomau.jpg	https://play.google.com/store/apps/details?id=com.farkingdoms.the3pigs&hl=pt_BR	O aplicativo “Os Três Porquinhos e o Lobo Mau, o Conto de Fadas” traz o gênero textual conto e apresenta a história de forma lúdica, com ilustrações e transições animadas de imagens e textos. O recurso conta, ainda, com a opção de narração, possibilitando aos alunos maior autonomia para o acompanhamento da leitura.	Conto infantil.	DPI05,DPI06,DPI07,DPI10,DPI14	Livro Digital / Animação.	Português.	Far Kingdoms - Stories and Fairy Tales.	Informações sobre a conexão Wi-Fi, outros.	17 MB.	4.0 ou superior.	1.3.1.	24/11/2020.	2	Portugues	 
15	Luz do Saber - Fundamental	recursos/img/Mobile/Portugues/2/luzdosaber.jpg	https://play.google.com/store/apps/details?id=br.ufc.virtual.lme.luzdosaber	O aplicativo "Luz do Saber - Fundamental" busca favorecer a aquisição do código linguístico. O recurso apresenta diferentes atividades lúdicas, utilizando a formação de palavras, a identificação do nome, o reconhecimento da letra inicial e final, bem como a identificação das vogais e consoantes. O recurso utiliza, ainda, os gêneros textuais lista, convite e jornal.	Aquisição do código linguístico. Consciência fonológica. Formação de palavras. Lista. Convite. Jornal.	DPI01,DPI03,DPI04,DPI05,DPI06,DPI09	Exercício e prática.	Português.	Laboratório de Mídias Educacionais - LME.	Informações sobre a conexão Wi-Fi, outros.	30 MB.	5.0 ou superior.	1.0.4.	24/11/2020.	2	Portugues	 
16	Palavrinhas	recursos/img/Mobile/Portugues/2/Palavrinhas.jpg	https://play.google.com/store/apps/details?id=com.moleiragames.palavrinhas	O aplicativo “Palavrinhas” busca desenvolver e aprimorar a aquisição da leitura e da escrita de palavras. A partir do alfabeto móvel, o aluno irá compor os vocábulos de acordo com a imagem correspondente, bem como terá contato com a pronúncia correta das palavras propostas.	Formação de palavras.	DPI03,DPI04,DPI05,DPII19	Exercício e prática.	Português.	Moleira Games.	Outros (Visualizar conexões de rede, acesso total à rede).	49 MB.	4.1 ou superior.	2.5.	24/11/2020.	2	Portugues	 
17	Um Por Todos e Todos Por Um! Cad Estudante MI	recursos\img\Mobile\Portugues\1\UmPorTodose TodosPorUm!CadEstudanteMI.png	https://play.google.com/store/apps/details?id=com.msp.umportodos&hl=pt_BR	O aplicativo "Um Por Todos e Todos Por Um! Cad Estudante MI" aborda temas de grande relevância, tais como: ética, cidadania, identidade, autoestima, autoconhecimento, entre outros. Organizado em capítulos, o recurso traz leituras e atividades práticas que levam o aluno a refletir sobre a sua identidade e as características que o constituem como sujeito único. Além disso, o recurso trabalha a formação de palavras e o gênero textual poesia, em formato acróstico.	Leitura. Formação de palavras. Gênero textual. Poesia. Acróstico.	DPI01,DPI03,DPI05,DPI09	Hipertexto.	Português.	Governo do Brasil.	Outros (Acesso total à rede).	127 MB.	5.1 ou superior.	03.00.30.	08/01/2021.	1	Portugues	 
18	Formar Palavras - Alfabetização	recursos/img/Mobile/Portugues/2/formarpalavras.jpg	https://play.google.com/store/apps/details?id=com.PedroGarcia.FormarPalavra	O aplicativo “Formar Palavras - Alfabetização” objetiva auxiliar o processo de alfabetização dos alunos, estimulando a leitura e a escrita de palavras. O recurso propõe a formação de palavras, a partir da organização dos agrupamentos silábicos que as compõem, tendo como base a correspondência entre imagem e palavra.	Formação de palavras.	DPI03,DPI04,DPI05,DPII19	Jogo.	Português.	Pedro de Moura Garcia.	Outros (Visualizar conexões de rede, acesso total à rede).	102 MB.	4.4 ou superior.	9.	24/11/2020.	2	Portugues	 
19	Palavras conectadas: Procura de palavras Português	recursos/img/Mobile/Portugues/3/bwg.jpg	https://play.google.com/store/apps/details?id=com.generamobile.bubblewords&hl=pt-br	O aplicativo “Palavras conectadas: Procura de palavras Português” tem como objetivo promover o aprimoramento da escrita, por meio da formação de palavras. O jogo disponibiliza letras móveis, que devem ser conectadas, a fim de compor palavras, possibilitando o enriquecimento do vocabulário do aluno, bem como a ampliação da habilidade de escrita de vocábulos da Língua Portuguesa.	Formação de palavras.	DPI04,DPII19	Jogo.	Português.	Genera Games.	Informações sobre a conexão Wi-Fi, outros.	151 MB.	4.4 ou superior.	3.1210.298.	21/12/2020.	3	Portugues	 
20	Acerte a Sílaba	recursos\img\Mobile\Portugues\1\AcerteASilaba.png	https://play.google.com/store/apps/details?id=com.psicosol.surdasesonoras&hl=pt_BR	O aplicativo "Acerte a Sílaba" trabalha o reconhecimento da sílaba inicial de palavras, contemplando a percepção sonora e a identificação do agrupamento silábico, a partir da imagem do objeto correspondente. 	Estudo das sílabas. Sílaba inicial.	DPI01	Exercício e prática.	Português.	Filipe Stadnick.	Outros (Acesso total à rede).	66,66 MB.	4.1 ou superior.	4.	08/01/2021.	1	Portugues	 
21	O menino que tinha medo do escuro	recursos/img/Mobile/Portugues/3/omeninoquetinhamedodoescuro.jpg	https://play.google.com/store/apps/details?id=toymobi.book1.main	O aplicativo “O menino que tinha medo do escuro” trabalha a competência leitora dos alunos, por meio do gênero textual conto, bem como aprimora a habilidade de escrita através de atividades de formação de palavras. Além disso, o aplicativo apresenta recursos inclusivos, tornando os conteúdos acessíveis às crianças com algum tipo de deficiência.	Leitura. Conto infantil.	DPI05,DPI15,DPII19	Livro Digital.	Português.	ToyMobi.	Outros (Visualizar conexões de rede, controlar vibração, instalar atalhos).	62 MB.	4.0 ou superior.	3.0.	24/11/2020.	3	Portugues	 
22	O Rapto da Vaca Sagrada	recursos/img/Mobile/Portugues/3/oraptodavaca.jpg	https://play.google.com/store/apps/details?id=io.cenpec.holycow	O aplicativo “O Rapto da Vaca Sagrada” é um livro digital que apresenta um conjunto de atividades interativas relacionadas à Língua Portuguesa. Neste aplicativo, são explorados, de forma lúdica, conhecimentos referentes à ortografia e à utilização das consoantes na constituição de palavras, a partir do reconhecimento de sua sonoridade.	Leitura. Estudo de consoantes.	DPI01,DPI05,DPII18,DPII19	Livro Digital / Animação.	Português.	CENPEC - Centro de Educação e Cultura.	Telefone, fotos/mídia/arquivos, armazenamento, ID do dispositivo e informações da chamada, outros.	70 MB.	4.4 ou superior.	0.1.0.	24/11/2020.	3	Portugues	 
23	Cruzadinhas	recursos/img/Mobile/Portugues/3/Cruzadinhas.jpg	https://play.google.com/store/apps/details?id=br.com.noas.cruzadinhas	O aplicativo “Cruzadinhas” possibilita desenvolver a habilidade de escrita, a partir da correspondência entre nome e imagem. Além disso, contribui para a construção da noção de substantivo, para a aquisição de novas palavras, bem como para o aperfeiçoamento da coordenação motora fina.	Formação de palavras.	DPI05,DPII19	Exercício e prática.	Português.	Sistema de Ensino CNEC.	Outros (Conexão de rede, acesso total à rede).	2.5 MB.	2.3.3 ou superior.	1.0.2.	24/11/2020.	3	Portugues	 
24	Qual é a Palavra	recursos/img/Mobile/Portugues/3/qualeapalavra.jpg	https://play.google.com/store/apps/details?id=com.gabizices.palavra	O aplicativo “Qual é a Palavra” trabalha com a formação de palavras, a partir da associação das letras disponibilizadas pelo recurso.	Formação de palavras.	DPI03,DPI04,DPI05,DPII19	Exercício e prática.	Português.	Sergio Baumgarten.	Outros (Conexão de rede, acesso total à rede, controle de sons).	21 MB.	4.1 ou superior.	1.1.2.	24/11/2020.	3	Portugues	 
25	Produzindo Texto	recursos/img/Mobile/Portugues/3/produzindotexto.jpg	https://play.google.com/store/apps/details?id=air.com.netbil.produzindotexto&hl=pt_BR	O aplicativo “Produzindo Texto” tem como objetivo estimular a criatividade e os conhecimentos textuais dos alunos, a partir da elaboração de textos.	Produção textual.	DPI02,DPI05,DPI07,DPI14,DPII18,DPII19	Ferramenta.	Português.	Netbil Educacional.	Fotos/mídia/arquivos, armazenamento, câmera, outros.	20 MB.	2.2 ou superior.	2.2.	24/11/2020.	3	Portugues	 
26	Jogo das Letras	recursos/img/Mobile/Portugues/3/jogodasletras.jpg	https://play.google.com/store/apps/details?id=br.com.noas.jogodasletras	O aplicativo “Jogo das Letras” explora os conhecimentos sobre os dígrafos e os encontros consonantais da Língua Portuguesa, contribuindo para o aprimoramento da escrita e para a compreensão de regras ortográficas. O recurso trabalha com a formação de palavras, as quais devem ser completadas com os dígrafos ou os encontros consonantais apropriados.	Dígrafos. Encontros consonantais.	DPI03,DPI05,DPII19	Exercício e prática.	Português.	Sistema de Ensino CNEC.	Outros (Conexão de rede, acesso total à rede).	14 MB.	2.3.3 ou superior.	1.0.0.	24/11/2020.	3	Portugues	 
27	Alfabeto Aprender e brincar em 7 línguas	recursos\img\Mobile\Portugues\1\AlfabetoAprenderebrincarem7linguas.png	https://play.google.com/store/apps/details?id=com.alphabet.letters&hl=pt_BR	O aplicativo "Alfabeto Aprender e brincar em 7 línguas" trabalha a apropriação do alfabeto por meio da percepção fonética e da identificação da letra inicial, relacionando-a à imagem do objeto correspondente. 	Estudo do alfabeto. Letra inicial.	DPI01,DPI05	Exercício e prática.	Português.	Alexey Korobov.	Fotos/mídia/arquivos, armazenamento, outros.	25,74 MB.	4.1 ou superior.	5.0.	08/01/2021	1	Portugues	 
28	Soletra Palavras	recursos\img\Mobile\Portugues\2\SoletraPalavras.png	https://play.google.com/store/apps/details?id=br.com.gabrielalvesdesouza.soletrapalavras&hl=pt_BR&gl=US	O aplicativo “Soletra Palavras” tem como objetivo estimular a aquisição da leitura e da escrita. De forma interativa, o aplicativo propõe a formação de palavras, juntando as letras.	Formação de palavras.	DPI03,DPI04,DPI05	Jogo.	Português.	Gabriel Alves de Souza.	Este app não requer permissões especiais para ser executado.	37 MB.	2.3 ou superior.	1.3.	08/01/2021	2	Portugues	 
29	Ilhas do Alfabeto - Edição Especial	recursos\img\Mobile\Portugues\2\IlhasdoAlfabeto-EdicaoEspecial.png	https://play.google.com/store/apps/details?id=com.alfaebetosolucoes.ilhasdoalfabetoavaliacao	O aplicativo “Ilhas do Alfabeto - Edição Especial” tem como objetivo estimular o processo de alfabetização, por meio do conhecimento das letras, da aquisição da leitura e da consciência 	Aquisição do código linguístico. Consciência fonológica. Alfabeto. 	DPI01,DPI03,DPI04,DPI05	Jogo.	Português.	Instituto Alfa e Beto.	Telefone, Fotos/mídia/arquivos, armazenamento, câmera, microfone, informações sobre Wi-Fi, ID do dispositivo e informações de chamada, outros.	256 MB.	4.4 ou superior.	1.0.6.	08/01/2021	2	Portugues	 
30	Dominó das Sílabas	recursos\img\Mobile\Portugues\2\DominodasSilabas.png	https://play.google.com/store/apps/details?id=br.com.noas.dominodassilabas&hl=pt_BR	O aplicativo "Dominó das Sílabas" tem como objetivo estimular o processo de alfabetização por meio da formação de palavras, utilizando as sílabas. De forma interativa, apresenta uma associação entre palavra e imagem.	Formação de palavras. Correlação entre palavra e imagem.	DPI03,DPI04,DPI05,DPII19	Exercício e prática.	Português.	Sistema de Ensino CNEC.	Outros (Visualizar conexões de rede, acesso total à rede).	11,10 MB.	2.3.3 ou superior.	1.0.0.	08/01/2021	2	Portugues	 
31	Um Por Todos e Todos Por Um! Cad Estudante MII	recursos\img\Mobile\Portugues\2\UmPorTodoseTodosPorUm!CadEstudanteMII.png	https://play.google.com/store/apps/details?id=com.msp.umportodos2&hl=pt_BR	O aplicativo "Um Por Todos e Todos Por Um! Cad Estudante MII" busca explorar, de maneira lúdica, temas de relevância social, tais como: diversidade, preconceito, discriminação, respeito às diferenças, inclusão, entre outros. Organizado em capítulos, o recurso traz leituras e atividades práticas que levam o aluno a refletir sobre aspectos do cotidiano que sugerem intolerância e desrespeito às diferenças entre as pessoas. 	Leitura. Diversidade. Preconceito. Inclusão.	DPI01,DPI03,DPI05	Hipertexto.	Português.	Governo do Brasil.	Outros (Acesso total à rede).	88,01 MB.	5.1 ou superior.	03.00.33.	08/01/2021	2	Portugues	 
32	ABC Ilustrado	recursos\img\Mobile\Portugues\2\ABCIlustrado.png	https://play.google.com/store/apps/details?id=com.PedroGarcia.ABCIlustrado&hl=pt_BR	O aplicativo "ABC Ilustrado" trabalha o reconhecimento visual e a percepção sonora do alfabeto e das possíveis combinações silábicas, contribuindo, assim, para o processo de alfabetização. O recurso possibilita, também, a familiarização com agrupamentos silábicos simples e complexos (formados pela presença de "L" ou "R"), bem como traz jogos lúdicos que permitem a formação de palavras, a partir da identificação das sílabas que as compõem e da imagem correspondente.    	Sílabas. Formação de palavras.	DPI01,DPI03,DPI05	Exercício e prática.	Português.	Pedro de Moura Garcia.	Outros (Visualizar conexões de rede, permitir recepção Wi-Fi, acesso total à rede, impedir modo ocioso do telefone).	157 MB.	5.0 ou superior.	2.	08/01/2021	2	Portugues	 
33	Caminho do Abc Alfabetização	recursos\img\Mobile\Portugues\2\CaminhodoAbcAlfabetizacao.png	https://play.google.com/store/apps/details?id=appinventor.ai_profhumbertobaia.a2Alfabetizacaopaidegua&hl=pt_BR	O aplicativo "Caminho do Abc Alfabetização" estuda o alfabeto, a consciência fonológica e o reconhecimento das letras de acordo com a imagem correspondente. Além de trabalhar as letras individualmente, o aplicativo aborda os agrupamentos silábicos simples e complexos, propondo atividades de formação de palavras com as sílabas estudadas.  	Sílabas. Formação de palavras.	DPI01,DPI03,DPI05	Exercício e prática.	Português.	Prof. Humberto Baía.	Fotos/mídia/arquivos, armazenamento, informações sobre a conexão Wi-Fi, outros.	21,28 MB.	2.1 ou superior.	5.	12/01/2021	2	Portugues	 
34	Cuca	recursos\img\Mobile\Portugues\2\Cuca.png	https://play.google.com/store/apps/details?id=com.Katia.Max&hl=pt_BR	O aplicativo "Cuca" tem como objetivo estimular a leitura, o estudo das sílabas e a percepção dos fonemas na escrita das palavras. O jogo apresenta as palavras que podem ser criadas a partir de alguns agrupamentos silábicos, de modo que o aluno perceba que a mudança de fonema altera a palavra.	Fonemas. Sílabas. Formação de palavras.	DPI01,DPI03,DPI05	Jogo.	Português.	Katia Esper Izar Verniano.	Armazenamento, fotos/mídia/arquivos, outros.	205 MB.	4.4 ou superior.	20.12.01.	12/01/2021	2	Portugues	 
35	Um Por Todos e Todos Por Um! Cad Estudante MIII	recursos\img\Mobile\Portugues\3\UmPorTodoseTodosPorUm!CadEstudanteMIII.png	https://play.google.com/store/apps/details?id=com.msp.umportodos3&hl=pt_BR	O aplicativo "Um Por Todos e Todos Por Um! Cad Estudante MIII" apresenta um conjunto de conceitos relevantes, tais como: República, Símbolos Nacionais, democracia, cidadania, dinheiro público, transparência na gestão pública, participação e controle social e Estatuto da Criança e do Adolescente, fundamentais para a participação consciente nos processos decisórios. Além disso, elucida aspectos geográficos, históricos e culturais que caracterizam o nosso país. O recurso possibilita, ainda, trabalhar a formação de palavras e estimular a competência leitora por meio dos gêneros textuais gibi e notícia.	Leitura. Gêneros textuais. Gibi. Notícia. Formação de palavras.	DPI01,DPI03,DPI05,DPI09,DPI10	Hipertexto.	Português.	Governo do Brasil.	Outros (Acesso total à rede).	129 MB.	5.1 ou superior.	03.00.30.	08/01/2021	3	Portugues	 
36	Letroca	recursos/img/Mobile/Portugues/4/Letroca.jpg	https://play.google.com/store/apps/details?id=air.com.fanatee.letroca	O aplicativo “Letroca” trabalha com a formação de palavras por meio da combinação de letras sugeridas. O jogo tem como objetivo explorar o conhecimento da língua, bem como ampliar o vocabulário do aluno.	Formação de palavras.	DPI03,DPI04,DPII18	Exercício e prática.	Português.	Fanatee Games.	Fotos/mídia/arquivos, armazenamento, outros.	21 MB.	2.3 ou superior.	3.7.	24/11/2020.	4	Portugues	 
37	Português no Bolso	recursos/img/Mobile/Portugues/5/portuguesnobolso.jpg	https://play.google.com/store/apps/details?id=com.dj.portuguesnobolso&hl=pt	O aplicativo “Português no Bolso” sintetiza, em forma de uma lista de consulta, alguns dos principais problemas de grafia e de concordância, com apenas um clique.	Gramática. Grafia das palavras.	DPI01,DPI03,DPI12,DPI14,DPII19	Guia de Consulta.	Português.	Deodoro Júnior.	Outros (Receber dados da Internet, visualizar conexões de rede, acesso total à rede).	3.1 MB.	4.0 ou superior.	1.2.	24/11/2020.	5	Portugues	 
38	Verbos Portugueses	recursos/img/Mobile/Portugues/5/Verbosportugueses.jpg	https://play.google.com/store/apps/details?id=org.muth.android.conjugator_demo_pt&hl=pt_BR	O aplicativo “Verbos Portugueses” apresenta uma lista de verbos e seus respectivos modos e conjugações, voltados para a compreensão de como utilizá-los em frases, bem como suas morfologias.	Conjugação verbal.	DPII18,DPII19	Guia de Consulta.	Português.	Appicenter LCC.	Outros (Visualizar conexões de rede, acesso total à rede).	714 KB.	4.0 ou superior.	14043.	24/11/2020.	5	Portugues	 
39	Acentuando	recursos/img/Mobile/Portugues/5/Acentuando.jpg	https://play.google.com/store/apps/details?id=br.estacio.ead.AcerteAcento&hl=pt_BR	O aplicativo “Acentuando” aborda as regras de acentuação gráfica de forma lúdica, a partir de um quiz com variações de dificuldade. Ao errar, o aluno é informado sobre o erro, possibilitando uma nova tentativa para a compreensão e para o acerto da pergunta.	Acentuação.	DPII17,DPII19	Exercício e prática.	Português.	Estácio.	Este app não requer permissões especiais para ser executado.	4.7 MB.	4.4 ou superior.	2.0.4.	24/11/2020.	5	Portugues	 
40	Dicionário de Português Dicio - Online e Offline	recursos/img/Mobile/Portugues/5/dicionariodeportugues.jpg	https://play.google.com/store/apps/details?id=com.setegraus.dicio&hl=pt_BR	O aplicativo “Dicionário de Português Dicio - Online e Offline” é uma alternativa rápida e prática de consulta ao dicionário, permitindo não só a busca de palavras desconhecidas, mas, ainda, oferece a opção de embaralhar as letras para formar novas palavras, instigando, no aluno, o senso de investigação.	Significado das palavras.	DPI03,DPII19	Hipermídia.	Português.	7Graus.	Armazenamento, informações sobre a conexão Wi-Fi, fotos/mídia/arquivos, outros.	Varia de acordo com o dispositivo.	4.1 ou superior.	1.13.7.	24/11/2020.	5	Portugues	 
41	Wordalot	recursos/img/Mobile/Portugues/5/Wordalot.jpg	https://play.google.com/store/apps/details?id=se.maginteractive.wordalot	O aplicativo “Wordalot” é um jogo de palavras cruzadas que utiliza imagens para a busca e para a formação das palavras. Com o auxílio de uma gravura, o jogo permite que o aluno associe diversas palavras às imagens correspondentes.	Escrita de palavras.	DPI04,DPI05,DPII18,DPII19	Jogo.	Português.	MAG Interactive.	Fotos/mídia/arquivos, armazenamento, informações sobre a conexão Wi-Fi, outros.	139 MB.	4.1 ou superior.	5.063.	24/11/2020.	5	Portugues	 
42	Palavras Conectadas	recursos/img/Mobile/Portugues/5/palavrasconectadas.jpg	https://play.google.com/store/apps/details?id=com.wordgame.words.connect	O aplicativo “Palavras Conectadas” é um jogo que busca promover o aprimoramento da escrita, a partir da formação de palavras. O recurso disponibiliza um conjunto de letras móveis, as quais devem ser conectadas, com o objetivo de compor diferentes palavras, possibilitando o enriquecimento do vocabulário do aluno.	Formação de palavras.	DPII03,DPII04,DPII19	Jogo.	Português.	ZenLife Games.	Fotos/mídia/arquivos, informações sobre a conexão Wi-Fi, armazenamento,  outros.	151 MB.	4.1 ou superior.	3.118.294.	24/11/2020.	5	Portugues	 
43	Histórias infantis ilustradas	recursos\img\Mobile\Portugues\3\Historiasinfantisilustradas.png	https://play.google.com/store/apps/details?id=io.kodular.profhumbertobaia.NOVO&hl=pt_BR	O aplicativo "Histórias infantis ilustradas" traz uma coletânia de contos infantis que tratam sobre diferentes temas, dentre eles, preconceito, violência, amizade e higiene pessoal. 	Conto Infantil. 	DPI01,DPI07,DPI09	Livro Digital.	Português.	Prof. Humberto Baía.	Local, fotos/mídia/arquivos, armazenamento, informações sobre a conexão Wi-Fi, outros.	32,00 MB.	4.4 ou superior.	2.111.	12/01/2021	3	Portugues	 
44	Craque da Leitura - Edição Especial	recursos\img\Mobile\Portugues\4\CraquedaLeitura-EdicaoEspecial.png	https://play.google.com/store/apps/details?id=com.alfaebetosolucoes.livroshumanitaria&hl=pt_BR&gl=US	O aplicativo “Craque da Leitura - Edição Especial” explora a competência leitora dos alunos por meio de livros digitais divididos em cinco temas: Artes, Ciências, História, Geografia e Literatura. Os livros são interativos e apresentam três opções de leitura: 1) Leia para mim; 2) Você lê, eu viro as páginas; 3) Quero ler sozinho. Apresenta, ainda, alguns jogos com o alfabeto e a formação de palavras.	Leitura. Alfabeto. Formação de palavras.	DPI01,DPI02,DPI03,DPI04,DPI06,DPI07	Livro Digital. Jogo.	Português.	Instituto Alfa e Beto.	Fotos/mídia/arquivos, armazenamento, câmera, microfone, informações de conexão Wi-Fi, outros.	73 MB.	4.4 ou superior.	1.2. 0.	08/01/2021	4	Portugues	 
45	Dicionário Sinônimos Offline	recursos/img/Mobile/Portugues/6/sinonimosoff.jpg	https://play.google.com/store/apps/details?id=com.cbcnos.sinonimos	O aplicativo “Dicionário Sinônimos Offline” é um guia completo para consulta de palavras semelhantes (os sinônimos). Ele tem como objetivo ampliar o vocabulário do aluno, bem como melhorar a escrita e a aplicação de novos termos da Língua Portuguesa.	Sinônimos.	DPII01,DPII03,DPII18	Guia de Consulta.	Português.	7Graus.	Armazenamento, informações sobre a conexão Wi-Fi, fotos/mídia/arquivos, outros.	Varia de acordo com o dispositivo.	4.1 ou superior.	2.7.0.	24/11/2020.	6	Portugues	 
46	Michaelis Guia Prático da Nova Ortografia	recursos/img/Mobile/Portugues/6/michaelis.jpg	https://play.google.com/store/apps/details?id=com.aandhsoftware.michaelis.orthography.guide	O aplicativo “Michaelis Guia Prático da Nova Ortografia” é um guia prático para desvendar e aprender sobre as regras vigentes da Língua Portuguesa. Ele traz um aparato simples das normas atuais, ajudando na escrita por meio de exemplos e comparações com as normas anteriores.	Conceituação de palavras.	DPII01,DPII03,DPII18	Guia de Consulta.	Português.	A&H Software Ltda.	Outros (Verificação de licença do Google Play, acesso total à rede, visualizar conexões de rede).	Varia de acordo com o dispositivo.	Varia de acordo com o dispositivo.	Varia de acordo com o dispositivo.	24/11/2020.	6	Portugues	 
47	Diminutivo	recursos\img\Mobile\Portugues\4\Diminutivo.png	https://play.google.com/store/apps/details?id=br.com.noas.cacapalavrasdiminutivo&hl=pt_BR	O aplicativo "Diminutivo" trabalha com a flexão de palavras no diminutivo e a sua identificação, de forma interativa, por meio de um caça palavras. O recurso possibilita desenvolver habilidades de leitura e de oralidade.	Diminutivo. Identificação de palavras.	DPI01	Exercício e prática.	Português.	Sistema de Ensino CNEC.	Outros (Visualizar conexões de rede, acesso total à rede).	10,90 MB.	5.0 ou superior.	1.0.0.	08/01/2021	4	Portugues	 
48	AnagrApp - Jogo de Palavras para a mente	recursos/img/Mobile/Portugues/6/anagrapp.jpg	https://play.google.com/store/apps/details?id=com.gamsify.anagrappfp	O aplicativo “AnagrApp - Jogo de Palavras para a mente” oferece um jeito criativo de formação de palavras, explorando as diversas formas de combinação e derivações de um mesmo conjunto de letras. Com isso, o recurso busca aprofundar o vocabulário e a descoberta de termos menos usuais da Língua Portuguesa.	Formação de palavras.	DPII03,DPII04,DPII19	Exercício e prática.	Português.	Gamsify.	Identidade, contatos, fotos/mídia/arquivos, armazenamento, outros.	27 MB.	7.0 ou superior.	1.9.0.	24/11/2020.	6	Portugues	 
49	Letras ocultas	recursos/img/Mobile/Portugues/6/letrasocultas.jpg	https://play.google.com/store/apps/details?id=com.sgg.quotes	O aplicativo “Letras ocultas” é um quebra-cabeça de citações famosas e de provérbios, que utiliza a composição de palavras baseada na observação e na associação de imagens para a solução dos enigmas.	Identificação de palavras. Citações. Provérbios.	DPII03,DPII04,DPII05,DPII06,DPII19	Exercício e prática.	Português.	Second Gear Games.	Informações sobre a conexão Wi-Fi, outros.	30 MB.	4.0.3 ou superior.	1.0.5.	24/11/2020.	6	Portugues	 
50	O que sou? Jogo de Mímicas e Charadas com Família	recursos/img/Mobile/Portugues/6/oquesou.jpg	https://play.google.com/store/apps/details?id=com.twominds.HeadsUpCharadas	O aplicativo “O que sou? Jogo de Mímicas e Charadas com Família” é um jogo de adivinhações que estimula o reconhecimento e a significação de palavras, explorando, por exemplo, aspectos como a morfologia.	Identificação de palavras. Morfologia.	DPII03,DPII04	Jogo.	Português.	2Minds Dev.	Local, telefone, fotos/mídia/arquivos, armazenamento, ID do dispositivo e informações da chamada, outros.	5,6 MB.	4.1 ou superior.	1.6.00.	24/11/2020.	6	Portugues	 
51	94%	recursos/img/Mobile/Portugues/7/94_.jpg	https://play.google.com/store/apps/details?id=com.scimob.ninetyfour.percent&hl=pt_BR	O aplicativo “94%” trabalha a descoberta e a formação de palavras, a partir de perguntas sobre o mundo e suas curiosidades. Desse modo, busca estimular os alunos a relacionarem as frases aos vocábulos, muitas vezes, de forma interdisciplinar.	Conhecimento de mundo. Formação de palavras.	DPII03,DPII04,DPII05,DPII19	Jogo.	Português.	Scimob.	Contatos, fotos/mídia/arquivos, ID do dispositivo e informações da chamada, armazenamento, informações sobre a conexão Wi-Fi, local, telefone, identidade, outros.	Varia de acordo com o dispositivo.	Varia de acordo com o dispositivo.	Varia de acordo com o dispositivo.	24/11/2020.	7	Portugues	 
52	Word Academy	recursos/img/Mobile/Portugues/7/wordacademy.jpg	https://play.google.com/store/apps/details?id=com.scimob.wordacademy	O aplicativo “Word Academy” traz a composição de vocábulos, a partir da conexão das letras em sua ordem correta. Por meio de dicas, o recurso busca estimular o aluno a encontrar variações de um mesmo conjunto de letras até acertar o que se pede.	Exploração de palavras.	DPII03,DPII04,DPII19	Exercício e prática.	Português.	Scimob.	Armazenamento, informações sobre a conexão Wi-Fi, fotos/mídia/arquivos, telefone, ID do dispositivo e informações da chamada, local, outros.	Varia de acordo com o dispositivo.	Varia de acordo com o dispositivo.	Varia de acordo com o dispositivo.	24/11/2020.	7	Portugues	 
53	94 Segundos	recursos/img/Mobile/Portugues/7/94segundos.jpg	https://play.google.com/store/apps/details?id=com.ninetyfour.seconds.app	O aplicativo “94 Segundos” trabalha com a identificação das palavras e o uso correto da ortografia, a partir de sugestões das letras iniciais e de frases que se relacionam ao vocábulo adequado para o tema da rodada. Além disso, o recurso também aborda a variedade de substantivos.	Conceituação e identificação de palavras. Substantivos. Ortografia.	DPII03,DPII04,DPII18,DPII19	Jogo.	Português.	Scimob.	Armazenamento, informações sobre a conexão Wi-Fi, fotos/mídia/arquivos, telefone, ID do dispositivo e informações da chamada, outros.	28 MB.	4.2 ou superior.	6.0.22.	24/11/2020.	7	Portugues	 
54	22 Pistas: Jogo de palavras	recursos/img/Mobile/Portugues/7/22pistas.jpg	https://play.google.com/store/apps/details?id=com.sgg.wordrings4&hl=pt_BR	O aplicativo “22 Pistas: Jogo de palavras” é um jogo de formação de palavras que utiliza sílabas e fragmentos de sílabas, em forma de espiral, para preenchimento dos espaços. O recurso também explora os fonemas e a separação silábica, a partir da relação com a imagem.	Identificação de palavras.	DPII03,DPII04,DPII05,DPII19	Jogo.	Português.	Second Gear Games.	Informações sobre a conexão Wi-Fi, outros.	28 MB.	2.3.3 ou superior.	1.0.8.	24/11/2020.	7	Portugues	 
55	11 Pistas: Jogo de palavras	recursos/img/Mobile/Portugues/7/11pistas.jpg	https://play.google.com/store/apps/details?id=com.sgg.elite	O aplicativo “11 Pistas: Jogo de palavras” é um jogo de formação de palavras que utiliza sílabas e fragmentos de sílabas, em forma de espiral, para preenchimento dos espaços. O recurso também explora os fonemas e a separação silábica, a partir da relação com a imagem.	Identificação de palavras.	DPII03,DPII04,DPII05,DPII19	Jogo.	Português.	Second Gear Games.	Informações sobre a conexão Wi-Fi, outros.	22 MB.	4.0.3 ou superior.	1.0.4.	24/11/2020.	7	Portugues	 
56	Crianceiras - Poemas de Manoel de Barros	recursos/img/Mobile/Portugues/7/Crianceiras.jpg	https://play.google.com/store/apps/details?id=br.com.webcoregames.crianceiras	O aplicativo “Crianceiras - Poemas de Manoel de Barros” é um livro interativo de recortes poéticos que traz o gênero lírico poesia, como um incentivo à leitura e à interpretação textual. Por meio de atividades que dialogam com as artes visuais e com poesias animadas, o aplicativo trabalha a escrita narrativa.	Poesias. Leitura. Interpretação textual.	DPII01,DPII03,DPII05,DPII12,DPII18,DPII20	Livro Digital / Animação.	Português.	Webcore Games.	Armazenamento, identidade, informações sobre a conexão Wi-Fi, fotos/mídia/arquivos, contatos, telefone,  ID do dispositivo e informações da chamada, câmera, contatos, outros.	78 MB.	4.0.3 ou superior.	1.0.	24/11/2020.	7	Portugues	 
57	Pilhas De Palavras	recursos\img\Mobile\Portugues\4\PilhasDePalavras.png	https://play.google.com/store/apps/details?id=com.wordstacks.wordcrush.pt&hl=pt_BR	O aplicativo "Pilhas De Palavras" é um jogo que trabalha a habilidade de leitura e a ampliação do vocábulário por meio da busca e da identificação de palavras. 	Identificação de palavras.	DPI01,DPI03	Jogo.	Português.	Manyfun.	Telefone, fotos/mídia/arquivos, informações de conexão Wi-Fi, armazenamento, ID do dispositivo e informações da chamada, outros.	Varia de acordo com o dispositivo.	4.0 ou superior.	Varia de acordo com o dispositivo.	08/01/2021	4	Portugues	 
58	Mister Crase	recursos/img/Mobile/Portugues/8/mistercrase.jpg	https://play.google.com/store/apps/details?id=br.com.agiumsoft.MisterCrase&hl=pt	O aplicativo “Mister Crase” é um jogo que utiliza o cenário investigativo para trabalhar as regras de emprego da crase. A partir disso, busca estimular a resolução de problemas ortográficos, por meio da imersão na narrativa.	Gramática. Crase.	DPII01,DPII17,DPII19	Jogo.	Português.	Pest Apps.	Outros (Acesso total à rede).	46 MB.	4.1 ou superior.	1.2.1.	24/11/2020.	8	Portugues	 
59	TV Escola	recursos/img/Mobile/Portugues/9/TVEscola.jpg	https://play.google.com/store/apps/details?id=br.gov.mec.tvescola.activity&hl=pt_BR	O aplicativo "TV Escola" apresenta uma variedade de conteúdos multidisciplinares. Quanto à Língua Portuguesa, o RED disponibiliza séries de interprogramas que tratam da vida e da obra de escritores da Literatura Brasileira, além de trazer vídeos que abordam os gêneros textuais e o uso correto de palavras e expressões da nossa língua.	Literatura. Gêneros textuais. Gramática. Grafia correta de palavras.	DPII12,DPII18,DPII19	Plataforma Digital.	Português.	Roquette Pinto.	ID do dispositivo e informações da chamada, telefone, câmera, informações de conexão Wi-Fi, fotos/mídia/arquivos, armazenamento, agenda, outros.	50,61 MB.	5.0 ou superior.	3.4.1.	24/11/2020.	9	Portugues	 
60	Artes e literatura	recursos/img/Mobile/Portugues/9/arteseliteratura.jpg	https://play.google.com/store/apps/details?id=com.EvoBooks.LiteraturaDemo	O aplicativo “Artes e literatura” é um guia que aborda os principais elementos para a compreensão dos textos literários pertencentes ao movimento artístico chamado Romantismo.	Textos literários. Romantismo.	DPII04,DPII06,DPII10,DPII12,DPII18	Hipertexto.	Português.	EvoBooks.	Fotos/mídia/arquivos, armazenamento, outros.	50 MB.	4.1 ou superior.	1.7.	24/11/2020.	9	Portugues	 
61	Português Panda para Concursos e Provas	recursos/img/Mobile/Portugues/9/portuguespanda.jpg	https://play.google.com/store/apps/details?id=sobrinho.pandaportuguesfundamental&hl=pt	O aplicativo “Português Panda para Concursos e Provas” é um simulado que envolve regras de concordância da Língua Portuguesa, trazendo, como complemento, videoaulas para aprimorar a aprendizagem das regras estudadas.	Gramática. Interpretação de textos.	DPII01,DPII03,DPII04,DPII06,DPII07,DPII08,DPII11,DPII14,DPII18,DPII19	Exercício e prática.	Português.	Pedro Sobrinho.	Fotos/mídia/arquivos, armazenamento, outros.	8.2 MB.	4.2 ou superior.	3.6.	24/11/2020.	9	Portugues	 
62	Conjugação de Verbos Offline	recursos/img/Mobile/Portugues/9/conjugacaodosverbosoff.jpg	https://play.google.com/store/apps/details?id=com.setegraus.conjugacao&hl=pt	O aplicativo “Conjugação de Verbos Offline” possibilita a consulta rápida às conjugações de diferentes verbos da Língua Portuguesa. Com isso, o aluno terá acesso às formas e aos tempos verbais de maior complexidade. O recurso contribui, ainda, para a compreensão da conjugação verbal e para a ampliação do vocabulário.	Conjugação de verbos.	DPII01,DPII19	Guia de Consulta.	Português.	7Graus.	Informações sobre a conexão Wi-Fi, fotos/mídia/arquivos, armazenamento, outros.	Varia de acordo com o dispositivo.	4.1 ou superior.	1.4.1.	24/11/2020.	9	Portugues	 
63	Quiz de Português	recursos/img/Mobile/Portugues/9/quizdeportugues.jpg	https://play.google.com/store/apps/details?id=br.estacio.ead.QuizPortLITE	O aplicativo “Quiz de Português” explora os conhecimentos acerca da Fonética, Morfologia, Ortografia, Sintaxe, Semântica, Estilística, Concordância e Regência da Língua Portuguesa, a partir de questões objetivas. O recurso permite ampliar os saberes referentes aos conteúdos gramaticais, além de contribuir para o aprimoramento da escrita.	Gramática. Escrita.	DPII01,DPII11,DPII17,DPII18,DPII19	Exercício e prática.	Português.	Estácio.	Este app não requer permissões especiais para ser executado.	3.4 MB.	4.4 ou superior.	3.0.1.	24/11/2020.	9	Portugues	 
64	Um Por Todos e Todos Por Um! Cad Estudante MIV	recursos\img\Mobile\Portugues\4\UmPorTodoseTodosPorUm!CadEstudanteMIV.png	https://play.google.com/store/apps/details?id=com.msp.umportodos4&hl=pt_BR	O aplicativo "Um Por Todos e Todos Por Um! Cad Estudante MIV" busca promover a consciência social dos alunos, de maneira lúdica e divertida. O recurso discute conceitos como patrimônio (público e privado) e os tipos de patrimônio público (natural e cultural). Aborda, também, os Objetivos de Desenvolvimento Sustentável, estabelecidos pela Organização das Nações Unidas, bem como elucida a realização de ações que combatem o desperdício de alimento, energia, água, o excesso de lixo, além de incentivar a coleta seletiva. As atividades envolvem elementos audiovisuais e interativos, que estimulam a formação de palavras, o aprimoramento da competência leitora e da criatividade, por meio dos gêneros textuais gibi e cartão-postal. 	Leitura. Gêneros textuais. Gibi. Cartão-postal. Formação de palavras.	DPI01,DPI03,DPI05,DPI09,DPI10	Hipertexto.	Português.	Governo do Brasil.	Outros (Acesso total à rede).	136 MB.	5.1 ou superior.	03.00.32.	08/01/2021	4	Portugues	 
65	Machado de Assis - Livros	recursos/img/Mobile/Portugues/9/machadodeassislivros.jpg	https://play.google.com/store/apps/details?id=it.massis.reader	O aplicativo “Machado de Assis - Livros” traz uma lista de obras completas de um dos mais importantes autores da literatura brasileira, Machado de Assis. O recurso busca auxiliar alunos e professores na pesquisa e na compreensão do estilo de escrita e estrutura da escola literária que pertenceu o autor, por meio do estímulo à leitura.	Leitura. Machado de Assis. Literatura brasileira.	DPII06,DPII10,DPII12,DPII13,DPII15	Livro Digital.	Português.	Midersoft.	Fotos/mídia/arquivos, armazenamento, outros.	3.2 MB.	3.2 ou superior.	1.2.	24/11/2020.	9	Portugues	 
66	Anagrama!	recursos\img\Mobile\Portugues\4\Anagrama!.png	https://play.google.com/store/apps/details?id=com.pinkpointer.anagram&hl=pt_BR	O aplicativo "Anagrama!" visa estimular a criatividade e explorar o acervo vocabular do aluno. O recurso propõe a identificação dos possíveis anagramas da palavra predefinida, a fim de formar novas palavras por meio da organização das letras disponibilizadas.	Formação de palavras.	DPI03,DPI04	Exercício e prática.	Português.	Pink Pointer.	Informações sobre a conexão Wi-Fi, outros.	40,91 MB.	4.4 ou superior.	AG-2.2.8.	08/01/2021	4	Portugues	 
67	Gramática de Bolso - Concursos e Vestibulares 2020	recursos/img/Mobile/Portugues/9/gramaticadebolso.jpg	https://play.google.com/store/apps/details?id=com.gramatica_de_bolso_gsm	O aplicativo “Gramática de Bolso - Concursos e Vestibulares 2020” apresenta um guia sobre diferentes conteúdos da Língua Portuguesa, tais como Fonologia, Morfologia, Sintática, Semântica e Estilística. Além disso, o recurso traz sugestões de links voltados para o estudo da produção textual e para o aprofundamento de temas gramaticais, por meio de videoaulas.	Gramática. Produção textual.	DPII17,DPII18,DPII19	Hipermídia.	Português.	Açaí com Código.	Informações sobre a conexão Wi-Fi, outros.	6.0 MB.	4.4 ou superior.	1.0.3.	24/11/2020.	9	Portugues	 
68	Morfema - Gramática da Língua Portuguesa ENEM	recursos/img/Mobile/Portugues/9/morfema.jpg	https://play.google.com/store/apps/details?id=com.morfema	O aplicativo “Morfema - Gramática da Língua Portuguesa ENEM” apresenta uma compilação de conteúdos de Gramática, Literatura e Interpretação Textual. O recurso permite aprimorar a aprendizagem da norma padrão referente à escrita na Língua Portuguesa.	Gramática. Literatura. Interpretação textual.	DPII17,DPII18,DPII19	Guia de Consulta.	Português.	Morfema.	Outros (Receber dados da Internet, visualizar conexões de rede, acesso total à rede).	3.6 MB.	4.0.3 ou superior.	1.5.	24/11/2020.	9	Portugues	 
69	Frritt-Flacc, de Jules Verne	recursos/img/Mobile/Portugues/9/fritflac.jpg	https://play.google.com/store/apps/details?id=air.com.storymax.frrittflacc	O aplicativo "Frritt-Flacc, de Jules Verne" é um livro interativo que, embora tenha a Biologia como centro de sua narrativa e de suas atividades, trabalha o gênero conto como trajetória de imersão. A leitura engajadora, cheia de interatividade e efeitos de som, que enriquecem a história, convidam os jovens a uma compreensão textual do gênero, utilizando-se, ainda, da interdisciplinaridade.	Leitura. Gênero textual. Conto.	DPII06,DPII10,DPII12	Livro Digital / Animação.	Português.	StoryMax.	Outros (Receber dados da Internet, visualizar conexões de rede, acesso total à rede).	86,02 MB.	4.0 ou superior.	1.6.0.	24/11/2020.	9	Portugues	 
70	Adição e subtração	recursos/img/Mobile/Matematica/1/adicaoesubtracao.jpg	https://play.google.com/store/apps/details?id=kids.juegodesumas&hl=pt-BR	O aplicativo "Adição e subtração” trabalha com a adição e a subtração de numerais, de forma simples e intuitiva.	Adição. Subtração.	DMI17	Exercício e prática.	Português.	Aplity.	Ver conexões e acesso total à rede.	3.2 MB.	5.0 ou superior.	6.	24/11/2020.	1	Matematica	 
71	Crianças Matemática e Números	recursos/img/Mobile/Matematica/1/criancasmatematicaenumeros.jpg	https://play.google.com/store/apps/details?id=air.MusterenGames.Mathforkids&hl=pt-BR	O aplicativo "Crianças Matemática e Números" possui oito atividades diferentes, possibilitando uma maior variedade de exercícios. Dentre eles, aparecem atividades que trabalham com a organização e a sequenciação dos números naturais, as noções de quantidade por meio de gravuras, além da identificação dos numerais e do reconhecimento de aspectos como escrita, agrupamento e adição.	Adição. Sucessor e Antecessor.	DMI14,DMI17	Exercício e prática.	Inglês / Turco / Japonês / Espanhol.	Musteren.	Ver conexões e acesso total à rede.	18 MB.	4.0 ou superior.	1.1.0.	24/11/2020.	1	Matematica	 
72	Matemática Selva: Pré Escola	recursos/img/Mobile/Matematica/1/matematicadaselva.jpg	https://play.google.com/store/apps/details?id=com.LittleBigThinkers.MathJungleK&hl=pt-BR	O aplicativo "Matemática Selva: Pré Escola" trabalha com as noções de quantidade, maior e menor, sequências numéricas de dezenas, bem como as operações de adição e de subtração, estimulando que o aluno associe as quantidades por meio de números e gravuras.	Sequência numérica. Adição. Maior e Menor.	DMI13,DMI14,DMI17	Jogo / Exercício e prática.	Inglês / Português.	Little Big Thinkers.	Não constam especificações sobre as permissões de uso.	38 MB.	2.3 ou superior.	1.0.	24/11/2020.	1	Matematica	 
73	Cores e formas: jogos infantis	recursos/img/Mobile/Matematica/1/coreseformas.jpg	https://play.google.com/store/apps/details?id=com.LanaCristina.LearningColorsAndShapesForToddlers&hl=pt-BR	O aplicativo "Cores e formas: jogos infantis" explora a associação entre as cores e as formas geométricas.	Formas geométricas.	DMI03	Exercício e prática.	Inglês.	Lana Cristina.	Compras no aplicativo/fotos/mídia/ armazenamento de arquivos/ver conexões e acesso total à rede.	Varia de acordo com o dispositivo.	4.0 ou superior.	CFS 1.00.	24/11/2020.	1	Matematica	 
74	Jogos educativos para crianças: formas e contar	recursos/img/Mobile/Matematica/2/jeformasecontar.jpg	https://play.google.com/store/apps/details?id=com.EducaGames.DinoTim&hl=pt-BR	O aplicativo "Jogos educativos para crianças: Formas e contar" trabalha com as operações de adição e de subtração e também busca auxiliar no desenvolvimento da percepção visual, da coordenação e de habilidades motoras. Além disso, o recurso busca estimular o trabalho com as noções de quantidade, por meio de números, gravuras e formas geométricas.	Adição. Subtração. Formas geométricas. Noções de quantidade.	DMI03,DMI17	Jogo / Exercício e prática.	Inglês / Português.	Didactoons Games SL.	Compras no aplicativo.	Varia de acordo com o dispositivo.	Varia de acordo com o dispositivo.	Varia de acordo com o dispositivo.	24/11/2020.	2	Matematica	 
76	Monster Numbers: Jogos de matematica	recursos/img/Mobile/Matematica/2/jematematicatabuada.jpg	https://play.google.com/store/apps/details?id=com.playtic.monsternumbers&hl=pt-BR	O aplicativo "Monster Numbers: Jogos de matematica" busca estimular o trabalho com a percepção visual, a coordenação e habilidade motoras, a identificação sequencial das formas geométricas, bem como as operações de adição, subtração, multiplicação e divisão. Além disso, o recurso busca estimular o trabalho com as noções de quantidade, por meio de números, gravuras. O recurso oferece muitas atividades gratuitas e algumas pagas.	Adição. Subtração. Multiplicação. Divisão Sequências com formas geométricas. Noções de quantidade.	DMI17,DMI18	Jogo / Exercício e prática.	Inglês / Português.	Didactoons Games SL.	Ver conexão e acesso total à rede/evitar que o dispositivo hiberne/compras no aplicativo/contém anúncios.	56 MB.	5.0 ou superior.	09.00.002.	24/11/2020.	2	Matematica	 
77	Rei da Matemática Jr. Grátis	recursos/img/Mobile/Matematica/2/reidamatematicajr.jpg	https://play.google.com/store/apps/details?id=com.oddrobo.komjfree&hl=pt-BR	O aplicativo "Rei da Matemática Jr. Grátis" estimula o trabalho com a percepção visual relacionada às diferenças de tamanhos e quantidades de objetos e a sequência de números e de formas geométricas. O recurso também trabalha com noções de tempo, operações de adição e de subtração, estrutura do algoritmo e com resolução de problemas.	Adição. Subtração. Noções de quantidade. Tempo. Sequência Numérica. Formas Geométricas.	DMI09,DMI14,DMI17,DMI19	Exercício e prática.	Inglês / Português.	Oddrobo Software AB.	Não constam especificações sobre as permissões de uso.	23 MB.	4.0 ou superior.	1.0.6.	24/11/2020.	2	Matematica	 
78	Math Exercise	recursos/img/Mobile/Matematica/2/exerciciodematematica.jpg	https://play.google.com/store/apps/details?id=com.my.leo.mathp&hl=pt-BR	O aplicativo "Math Exercise” aborda as operações de adição, subtração e multiplicação, de forma simples e intuitiva.	Adição. Subtração. Multiplicação.	DMI17,DMI18	Jogo / Exercício e prática.	Inglês / Português.	Blue Wave.	Ver conexões e acesso total à rede/contém anúncios.	4.3 MB.	3.0 ou superior.	170203.	24/11/2020.	2	Matematica	 
79	Addition and subtraction	recursos/img/Mobile/Matematica/2/additionandsubtraction.jpg	https://play.google.com/store/apps/details?id=pl.jursoft.abcprimarymath&hl=pt-BR	O aplicativo "Addition and subtraction" trabalha com as operações matemáticas de adição e de subtração, em diferentes níveis de dificuldade.	Adição. Subtração.	DMI17	Exercício e prática.	Inglês.	jursoft.	Ver conexões/acesso total à rede e vibração de controle/contém anúncios.	1.8 MB.	4.0 ou superior.	1.0.	24/11/2020.	2	Matematica	 
81	Jogo da Tabuada (Grátis)	recursos/img/Mobile/Matematica/3/jogodatabuada.jpg	https://play.google.com/store/apps/details?id=nl.wissapp.timestables&hl=pt-BR	O aplicativo "Jogo da Tabuada (Grátis)" trabalha com as operações matemáticas, por meio da tabuada de multiplicação e de diferentes níveis de dificuldade.	Multiplicação.	DMI18	Exercício e prática.	Inglês/Português.	WissApp.	Compras no aplicativo/fotos/mídias/arquivos/armazenamento/microfone/contém anúncios.	23 MB.	4.0 ou superior.	3.98-free.	24/11/2020.	3	Matematica	 
82	Tabuada Fácil	recursos/img/Mobile/Matematica/3/tabuadafacil.jpg	https://play.google.com/store/apps/details?id=com.app.msergiofc.tabuadafacil&hl=pt-BR	O aplicativo "Tabuada Fácil" possibilita o estudo da tabuada de multiplicação, em diferentes níveis de dificuldade.	Multiplicação.	DMI18	Exercício e prática.	Português.	Mário S. F. Carvalho.	Fotos/mídias/arquivos/armazenamento/receber dados da Internet/ver conexões de rede/contém anúncios.	Varia de acordo com o dispositivo.	Varia de acordo com o dispositivo.	Varia de acordo com o dispositivo.	24/11/2020.	3	Matematica	 
83	Jogos para 2: Jogo Matemático	recursos/img/Mobile/Matematica/3/jogospara2.jpg	https://play.google.com/store/apps/details?id=com.mathduel2playersgame.mathgame&hl=pt-BR	O aplicativo "Jogos para 2: Jogo Matemático" busca favorecer o desenvolvimento de habilidades como concentração e cálculo mental. Além disso, trabalha com conhecimentos prévios relacionados às operações de adição, subtração, multiplicação e divisão.	Adição. Subtração. Multiplicação. Divisão.	DMI17,DMI18	Jogo/Exercício e prática.	Português.	PeakselGames.	Fotos/mídias/arquivos/armazenamento/receber dados da Internet/ver conexões de rede/contém anúncios/compras no aplicativo.	Varia de acordo com o dispositivo.	Varia de acordo com o dispositivo.	3.7.	24/11/2020.	3	Matematica	 
84	Jogo de Matemática vs Undead	recursos/img/Mobile/Matematica/3/jogodamatematicavsunhead.jpg	https://play.google.com/store/apps/details?id=com.mathvszombies.mathgame&hl=pt-BR	O aplicativo "Jogo de Matemática vs Undead" busca proporcionar o desenvolvimento de habilidades como cálculo mental e agilidade. Além disso, trabalha com conhecimentos prévios relacionados às operações de adição, subtração, multiplicação e divisão.	Adição. Subtração. Multiplicação. Divisão.	DMI17,DMI18	Jogo/Exercício e prática.	Português.	PeakselGames.	Fotos/mídias/arquivos/armazenamento/receber dados da Internet/ver conexões de rede/contém anúncios/compras no aplicativo.	33 MB.	4.1 ou superior.	2.13.	24/11/2020.	3	Matematica	 
85	Jogos de matemática & crianças	recursos/img/Mobile/Matematica/3/jogodamatematicacriancas.jpg	https://play.google.com/store/apps/details?id=com.batoki.kids.toddlers.math.games&hl=pt-BR	O aplicativo "Jogos de matemática & crianças" busca proporcionar o desenvolvimento de algumas habilidades como, por exemplo, o cálculo mental. O recurso também trabalha com conhecimentos prévios relacionados às operações de adição e de subtração.	Adição. Subtração.	DMI17	Jogo/Exercício e prática.	Inglês.	BATOKI - Best Apps for Toddlers and Kids.	Fotos/mídias/arquivos/armazenamento/receber dados da Internet/ver conexões de rede/contém anúncios.	22 MB.	2.3 ou superior.	1.0.1.	24/11/2020.	3	Matematica	 
86	1ª 2ª Série: Jogos de matemática para crianças	recursos/img/Mobile/Matematica/4/matematicabasica.png	https://play.google.com/store/apps/details?id=air.childLearnMath.edugames.vn&hl=pt-BR	O aplicativo "1ª 2ª Série: Jogos de matemática para crianças" apresenta, de forma lúdica, diversos elementos que auxiliam na apropriação de conteúdos da Matemática, tais como adição, subtração, multiplicação, divisão, comparação, frações, formas geométricas e noções de quantidade.	Adição. Subtração. Multiplicação. Divisão. Maior e menor. Frações. Formas geométricas. Noções de quantidade.	DMI03,DMI13,DMI17,DMI18,DMI24	Exercício e prática.	Português.	bonbongame. com.	Ver conexões de rede/permitir recepção Wi-Fi Multicast/acesso total à rede/evitar que o dispositivo hiberne/compras no aplicativo/contém anúncios.	59 MB.	5.0 ou superior.	1.7.3.	24/11/2020.	4	Matematica	 
87	Math Flash Cards	recursos/img/Mobile/Matematica/4/mathflashcards.jpg	https://play.google.com/store/apps/details?id=com.apptestryinteractive.mathflashcards&hl=pt-BR	O aplicativo "Math Flash Cards" busca promover o estudo das operações matemáticas de adição, subtração, multiplicação e divisão, em diferentes níveis de dificuldade.	Adição. Subtração. Multiplicação. Divisão.	DMI17,DMI18	Exercício e prática.	Inglês.	Apptestry.	Receber dados da Internet/ver conexões de rede/acesso total à rede/impedir que o dispositivo adormeça/contém anúncios.	4.4 MB.	4.3 ou superior.	2.3.0.	24/11/2020.	4	Matematica	 
89	Frações equivalentes	recursos/img/Mobile/Matematica/5/fracoesequivalentes.jpg	https://play.google.com/store/apps/details?id=air.fracoesequivalentes&hl=pt_BR	O aplicativo "Frações equivalentes" traz desafios que abordam diferentes formas de estudo das frações equivalentes.	Frações equivalentes.	DMI24	Exercício e prática.	Português.	HypatiaMat.	Fotos/mídias/ arquivos/ armazenamento/acesso total à rede.	15 MB.	4.0 ou superior.	0.1.	25/11/2020.	5	Matematica	 
90	Leia frações	recursos/img/Mobile/Matematica/5/leiafracoes.jpg	https://play.google.com/store/apps/details?id=com.nummolt.fractions.reading&hl=pt_BR	O aplicativo "Leia frações" apresenta de maneira diretiva, diversas formas e abordagens para o estudo das frações, assim como a sua leitura e estruturação.	Frações.	DMI24	Simulação.	Português.	nummolt.	Não constam especificações sobre as permissões de uso.	1.8 MB.	4.0 ou superior.	1.1.4.	25/11/2020.	5	Matematica	 
91	Representar por Frações	recursos/img/Mobile/Matematica/5/representarporfracoes.jpg	https://play.google.com/store/apps/details?id=air.fracoes&hl=pt_BR	O aplicativo "Representar por Frações" apresenta desafios que abordam as diferentes formas de estudo das frações, assim como as formas de representá-las.	Frações.	DMI24	Exercício e prática.	Português.	HypatiaMat.	Fotos/mídias/arquivos/armazenamento/acesso total à rede.	15 MB.	4.0 ou superior.	0.1.	25/11/2020.	5	Matematica	 
93	Enigma matemático com varas	recursos/img/Mobile/Matematica/5/enigmamatematico.jpg	https://play.google.com/store/apps/details?id=air.com.logigames.mathpuzzlewithsticks&hl=pt-BR	O aplicativo "Enigma matemático com varas" busca estimular o estudo de conteúdos matemáticos, tais como adição e subtração, por meio da resolução de enigmas.	Adição. Subtração.	DMI17	Exercício e prática.	Inglês.	LogiGames.	Fotos/mídias/ arquivos/ armazenamento/ informações sobre a conexão Wi-Fi/ver conexões e acesso total à rede.	12 MB.	2.3 ou superior	1.1.8.	25/11/2020.	5	Matematica	 
94	Mestre da Matemática Jogo Educativo e Exercícios	recursos/img/Mobile/Matematica/6/mestredamatematica.jpg	https://play.google.com/store/apps/details?id=pl.paridae.app.android.mathmaster&hl=pt-BR	O aplicativo "Mestre da Matemática Jogo Educativo e Exercícios" trabalha com conteúdos matemáticos como, por exemplo, operações, frações e porcentagem, de modo que o aluno resolva os problemas propostos ao longo do recurso.	Adição. Subtração. Multiplicação. Divisão. Frações. Raiz quadrada. Porcentagem. Logaritmos. Equações lineares. Análise combinatória.	DMII18	Jogo/Exercício e prática.	Português.	Paridae.	Fotos/mídias/arquivos/armazenamento/acesso total à rede/impedir que o dispositivo adormeça/compras no aplicativo/contém anúncios.	17 MB.	4.0.3 ou superior.	1.0.25.	25/11/2020.	6	Matematica	 
95	Operações básicas de matemática	recursos/img/Mobile/Matematica/6/operacoesbasicas.jpg	https://play.google.com/store/apps/details?id=com.edusoftgame.kidsmath&hl=pt-BR	O aplicativo "Operações básicas de matemática" aborda as operações matemáticas de adição, subtração, multiplicação e divisão, a partir de níveis de dificuldade.	Adição. Subtração. Multiplicação. Divisão.	DMII18	Exercício e prática.	Inglês / Turco / Espanhol / Francês / Italiano / Alemão.	Educational Software Games.	Ver conexões e acesso total à rede/contém anúncios.	4.8 MB.	2.3 ou superior.	1.8.1.	25/11/2020.	6	Matematica	 
96	The area of geometric figures	recursos/img/Mobile/Matematica/6/geometricfigures.jpg	https://play.google.com/store/apps/details?id=ru.sotnik.areacalc&hl=pt_BR	O aplicativo "The area of geometric figures" trabalha com as diversas fórmulas relacionadas às figuras geométricas, a partir da relação com as imagens correspondentes.	Figuras geométricas.	DMII13	Animação / Simulação.	Inglês.	SD Ferramentas.	Ver conexões e acesso total à rede/contém anúncios.	1.9 MB.	4.0.3 ou superior.	1.5.	25/11/2020.	6	Matematica	 
97	Jogos de Matemática	recursos/img/Mobile/Matematica/6/jogosdematematica.jpg	https://play.google.com/store/apps/details?id=com.miniklerogreniyor.quiz.kids.math&hl=pt-BR	O aplicativo "Jogos de Matemática" busca estimular o estudo das operações matemáticas de adição, subtração, multiplicação e divisão, bem como conceitos de radiciação e de exponenciação.	Adição. Subtração. Multiplicação. Raiz quadrada. Exponenciação.	DMII18	Exercício e prática.	Português.	Choloepus Apps.	Receber dados da Internet/ver conexões e acesso total à rede/impedir que o dispositivo adormeça/contém anúncios e compras no aplicativo.	3.8 MB.	4.2 ou superior.	36.	25/11/2020.	6	Matematica	 
98	Divisão	recursos/img/Mobile/Matematica/6/Divisao.jpg	https://play.google.com/store/apps/details?id=eu.climent.division&hl=pt-BR	O aplicativo "Divisão" traz exercícios que incluem a operação matemática de divisão.	Divisão.	DMII18	Exercício e prática.	Português.	Antonio Luis Climent Albaladejo.	Ver conexões e acesso total à rede/contém anúncios.	3.0 MB.	4.0.3 ou superior.	Y2017.2.	25/11/2020.	6	Matematica	 
99	Multiplicação	recursos/img/Mobile/Matematica/6/Multiplicacao.jpg	https://play.google.com/store/apps/details?id=eu.climent.multiplication&hl=pt-BR	O aplicativo "Multiplicação" apresenta diferentes exercícios que trabalham a operação matemática de multiplicação.	Multiplicação.	DMII18	Exercício e prática.	Português.	Antonio Luis Climent Albaladejo.	Ver conexões e acesso total à rede/contém anúncios.	3.0 MB.	4.0.3 ou superior.	Y2017.2.	25/11/2020.	6	Matematica	 
100	Potência	recursos/img/Mobile/Matematica/7/potencia.jpg	https://play.google.com/store/apps/details?id=eu.climent.powers&hl=pt_BR	O aplicativo "Potência" busca estimular o estudo das regras de potenciação, a fim de trabalhar com as operações matemáticas de multiplicação e de divisão. Além disso, o recurso trabalha com as frações, com a potência da potência e com a utilização de expoentes negativos.	Potências.	DMI18	Exercício e prática.	Inglês.	Antonio Luis Climent Albaladejo.	Ver conexões e acesso total à rede/contém anúncios.	2.6 MB.	4.0.3 ou superior.	Anthericum.	25/11/2020.	7	Matematica	 
101	Test Angulos	recursos/img/Mobile/Matematica/7/testangulos.jpg	https://play.google.com/store/apps/details?id=appinventor.ai_lsomorante.Test_angulo&hl=pt_BR	O aplicativo "Test Angulos" busca estimular o reconhecimento dos ângulos em figuras geométricas. Dentre eles, podem ser citados os ângulos suplementares, complementares, alternos e internos, alternos e externos. Os ângulos são trabalhados por meio da proposição de problemas.	Ângulos.	DMII06	Exercício e prática.	Espanhol.	Lorenzo Sevilla Ortiz.	Informações sobre a conexão Wi-Fi/ ver conexões, acesso total à rede e vibração de controle.	1.7 MB.	1.6 ou superior.	1.	25/11/2020.	7	Matematica	 
102	Geometria Calculadora	recursos/img/Mobile/Matematica/7/geometriacalculadora.jpg	https://play.google.com/store/apps/details?id=ru.knnv.geometrycalcfree&hl=pt_BR	O aplicativo "Geometria Calculadora" busca estimular o entendimento e a identificação das figuras sólidas, tais como triângulo, quadrado, retângulo, paralelogramo, losango, trapézio, polígono, círculo e elipse.	Figuras sólidas.	DMII12,DMII13,DMII14	Exercício e prática.	Inglês / Português.	ARPAPLUS.	Compras no aplicativo/ ver conexões e acesso total à rede/ impedir que o dispositivo adormeça.	3.8 MB.	4.1 ou superior.	2.8.3.	25/11/2020.	7	Matematica	 
103	Desafio Matemático Grátis	recursos/img/Mobile/Matematica/7/desafiomatematico.jpg	https://play.google.com/store/apps/details?id=com.turtlelabs.DesafioMatematico_Free&hl=pt-BR	O aplicativo "Desafio Matemático Grátis" aborda as operações matemáticas de adição, subtração e multiplicação, a partir de níveis de progressão.	Adição. Subtração. Multiplicação. Divisão.	DMII18	Exercício e prática.	Português/Inglês.	Turtle Labs.	Ver conexões e acesso total à rede/contém anúncios.	25 MB.	4.1 ou superior.	4.0.	25/11/2020.	7	Matematica	 
104	Math Master - Brain Quizzes & Math Puzzles	recursos/img/Mobile/Matematica/7/mathmaster.jpg	https://play.google.com/store/apps/details?id=com.mathmaster&hl=pt-BR	O aplicativo "Math Master - Brain Quizzes & Math Puzzles" trabalha, por meio de testes desafiadores, as operações matemáticas de adição, subtração, multiplicação e divisão, bem como os conceitos de potência, estatística, equações, média mediana e variação, maior e menor, sequenciação e séries.	Adição. Subtração. Multiplicação. Divisão. Potenciação. Estatística. Equações. Média mediana e variação. Maior e menor. Sequenciação e séries.	DMII16,DMII18,DMII19,DMII30,DMII33	Exercício e prática.	Português/Inglês.	Pavans Group Techsoft Pvt. Ltd.	Compras no aplicativo/fotos/mídias/arquivos/armazenamento/histórico do dispositivo e apps/câmera/ver conexões e acesso total à rede/impedir que o dispositivo adormeça.	14 MB.	4.2 ou superior.	3.4.	25/11/2020.	7	Matematica	 
105	Circunferência	recursos/img/Mobile/Matematica/8/circunferencia.jpg	https://play.google.com/store/apps/details?id=com.pjcferreira.circunferencia&hl=pt_BR	O aplicativo "Circunferência" tem como objetivo apresentar as fórmulas relacionadas à circunferência, assim como a aplicação dos seguintes conceitos matemáticos: perímetro, área, diâmetro e raio.	Circunferência.	DMII11	Exercício e prática / Simulação.	Português.	IndieDevPT[AlunosNET] Paulo J C Ferreira.	Não constam especificações sobre as permissões de uso.	241 KB.	2.2 ou superior.	1.0.	27/11/2020.	8	Matematica	 
106	Área, Volumes e Perímetros	recursos/img/Mobile/Matematica/8/areavolumeperimetro.jpg	https://play.google.com/store/apps/details?id=edu.alunosnet.areasvolumesperimetros&hl=pt_BR	O aplicativo "Área, Volumes e Perímetros" busca promover o estudo do cálculo da área, do volume e do perímetro, a partir da relação com as figuras geométricas e as fórmulas correspondentes.	Área. Volume. Perímetro.	DMII12,DMII13,DMII14	Exercício e prática.	Português/Inglês.	IndieDevPT [AlunosNET] Paulo J C Ferreira.	Não constam especificações sobre as permissões de uso.	392 KB.	3.0 ou superior.	1.1.	27/11/2020.	8	Matematica	 
107	Volume, Área e Conversão	recursos/img/Mobile/Matematica/8/volumeareaconversao.jpg	https://play.google.com/store/apps/details?id=com.samyak.avc&hl=pt_BR	O aplicativo "Volume, Área e Conversão" busca auxiliar o aluno durante o cálculo das áreas e dos volumes e, ainda, para os cálculos de conversão de unidades.	Área. Volume.	DMII13,DMII14	Exercício e prática / Simulação.	Inglês.	Samyak Infotech Pvt. Ltd.	Local/fotos/mídia/arquivos/armazenamento/dados da Internet/ver conexões e acesso total à rede/impedir que o dispositivo adormeça/contém anúncios.	2.5 MB.	4.0.3 ou superior.	6.0.	27/11/2020.	8	Matematica	 
109	Casos Notáveis e Fatorização	recursos/img/Mobile/Matematica/8/casosnotaveis.jpg	https://play.google.com/store/apps/details?id=air.queroCNFPv1&hl=pt_BR	O aplicativo "Casos Notáveis e Fatorização" possibilita a consolidação de conhecimentos prévios relacionados aos casos notáveis de multiplicação, além de conhecimentos sobre a fatoração de polinômios.	Fatorização de polinômios.	DMII25	Exercício e prática.	Português.	HypatiaMat.	Fotos/mídias/arquivos/armazenamento/acesso total à rede/contém anúncios.	14 MB.	4.0 ou superior.	6.	27/11/2020.	8	Matematica	 
111	Calculadora Gráfica GeoGebra	recursos/img/Mobile/Matematica/9/geogebra.jpg	https://play.google.com/store/apps/details?id=org.geogebra.android&hl=pt-BR	O aplicativo "Calculadora Gráfica GeoGebra" busca promover o estudo dos gráficos de funções, das equações e das funções.	Equações. Funções. Gráfico de funções.	DMII35	Exercício e prática.	Português.	International GeoGebra Institute.	Fotos/mídias/arquivo/armazenamento/receber dados da Internet/ver conexões de rede/emparelhar com dispositivos Bluetooth/acesso total à rede/impedir que o dispositivo adormeça/contém anúncios.	15 MB.	4.4 ou superior.	5.0.573.0.	27/11/2020.	9	Matematica	 
112	Calculadora Gráfica Mathlab	recursos/img/Mobile/Matematica/9/mathlab.jpg	https://play.google.com/store/apps/details?id=us.mathlab.android&hl=pt-BR	O aplicativo "Calculadora Gráfica Mathlab" apresenta a visualização das funções e suas expressões gráficas.	Equações. Funções.	DMII01,DMII25,DMII26,DMII36	Exercício e prática.	Inglês/Português.	Mathlab Apps, LLC.	Compras no aplicativo / fotos / arquivos / mídias / armazenamento / acesso total à rede impedir que o dispositivo adormeça / contém anúncios.	6.7 MB.	4.1 ou superior.	4.14.159.	27/11/2020.	9	Matematica	 
113	Formar Palavras: Jogo de Palavras Cruzadas	recursos\img\Mobile\Portugues\4\FormarPalavras_JogodePalavrasCruzadas.png	https://play.google.com/store/apps/details?id=br.com.byapptv.formarpalavras&hl=pt_BR	O aplicativo "Formar Palavras: Jogo de Palavras Cruzadas" trabalha a ortografia e o acervo vocabular do aluno, a partir da formação de palavras. Além disso, o recurso permite explorar as características do gênero textual lista.	Formação de palavras. Gênero textual. Lista.	DPI01,DPI03,DPI04	Exercício e prática.	Português.	ByAPPTV ME.	Outros (Visualizar conexões de rede, acesso total à rede, impedir modo ocioso do telefone).	57,11 MB.	4.4 ou superior.	1.6.	08/01/2021.	4	Portugues	 
114	Um por todos - Revistas	recursos\img\Mobile\Portugues\5\UMPORTODOS-REVISTAS.png	https://play.google.com/store/apps/details?id=com.msp.revistadigital&hl=pt-BR	O aplicativo "Um por todos - Revistas" apresenta um conjunto de gibis que tratam sobre ética, cidadania, integridade, responsabilidade, dentre outros temas. Com efeitos audiovisuais, o recurso traz atividades lúdicas para a consolidação de conceitos, bem como disponibiliza um guia do professor que esclarece os temas abordados. 	Leitura. Gênero textual. Gibi.	PDI01,DPI04,DPI05	Exercício e prática.	Português.	Governo do Brasil.	Outros (Acesso total à rede).	139 MB.	5.1 ou superior.	03.01.16.	08/01/2021	5	Portugues	 
115	Meu dicionário pessoal - WordTheme	recursos\img\Mobile\Portugues\5\Meudicionariopessoal-WordTheme.png	https://play.google.com/store/apps/details?id=fr.jmmoriceau.wordtheme&hl=pt_BR	O aplicativo "Meu dicionário pessoal - WordTheme" permite a elaboração de um glossário sobre qualquer tema, bem como possibilita a organização dos vocábulos em categorias e a inserção de imagens para ilustrar as palavras.	Produção de glossário. Conceituação de palavras.  	DPI01,DPII18	Ferramenta de autoria.	Português.	Sore Ga Inochi.	Fotos/mídia/arquivos, armazenamento, outros.	17,03 MB.	5.0 ou superior.	9.5.2000.	08/01/2021	5	Portugues	 
116	Super Hífen	recursos\img\Mobile\Portugues\5\SuperHifen.png	https://play.google.com/store/apps/details?id=com.ludo.sh&hl=pt_BR	O aplicativo "Super Hífen" é um jogo que trabalha o emprego correto do hífen. O recurso apresenta uma breve história introdutória, constituída, majoritariamente, por palavras compostas. Como atividade prática, propõe desafios que abrangem o reconhecimento de objetos, cujas palavras são escritas com hífen. 	Emprego do hífen.	DPII03,DPII18,DPII19	Jogo.	Português.	LUDO.	Informações sobre a conexão Wi-Fi, outros.	26,96 MB.	4.1 ou superior.	1.0.8.	02/02/2021	5	Portugues	 
117	Uso do Porquê	recursos\img\Mobile\Portugues\6\Usodoporque.png	https://play.google.com/store/apps/details?id=com.uaimobb.pq&hl=pt_BR&gl=US	O aplicativo "Uso do Porquê" apresenta as diferenças entre os tipos de porquês, bem como mostra as possibilidades de uso para cada um deles.	Gramática. Uso dos porquês.	DPII19	Exercício e prática.	Português.	UaiMobb.	Fotos/mídia/arquivos, local, armazenamento, informações sobre a conexão Wi-Fi, outros.	7,73 MB.	4.4 ou superior.	2.1.2008.	02/02/2021	6	Portugues	 
118	Encanamento Textual	recursos\img\Mobile\Portugues\6\EncanamentoTextual.png	https://play.google.com/store/apps/details?id=br.com.noas.encanamentotextual&hl=pt_BR	O aplicativo "Encanamento Textual" contempla, de maneira lúdica e divertida, o reconhecimento da função e o emprego correto dos conectivos nas frases. Do mesmo modo que a água flui pelos canos, o recurso resgata o entendimento de que os conectivos são recursos linguísticos que proporcionam fluidez na leitura de frases. 	Gramática. Conectivos.	DPII03,DPII15,DPII18,DPII19	Exercício e prática.	Português.	Sistema de Ensino CNEC.	Outros (Visualizar conexões de rede, acesso total à rede).	9,94 MB.	5.0 ou superior.	1.0.0.	02/02/2021	6	Portugues	 
119	Palavras conectados	recursos\img\Mobile\Portugues\6\Palavrasconectados.png	https://play.google.com/store/apps/details?id=com.sgg.connect&hl=pt_BR	O aplicativo "Palavras conectados" consiste em um jogo de formação de palavras. A partir de uma imagem de um objeto, o usuário deve organizar as sílabas, a fim de compor a palavra correspondente.	Formação de palavras.	DPII03,DPII04,DPII05,DPII19	Jogo.	Português.	Second Gear Games.	Informações sobre a conexão Wi-Fi, outros.	29,05 MB.	2.3.3 ou superior.	1.0.2.	02/02/2021	6	Portugues	 
120	Fuga com Palavras	recursos\img\Mobile\Portugues\6\FugacomPalavras.png	https://play.google.com/store/apps/details?id=com.refnex.wordtales.prisonbreak&hl=pt_BR	O aplicativo "Fuga com Palavras" possibilita trabalhar a ortografia e o conhecimento vocabular do aluno, a partir da composição de palavras.	Formação de palavras.	DPI01,DPI03,DPI04	Exercício e prática.	Português.	REFNEX Studios.	Telefone, fotos/mídia/arquivos,armazenamento, ID do dispositivo e informações da chamada, outros.	78,54 MB.	4.1 ou superior.	1.18.	02/02/2021	6	Portugues	 
121	Palavras conectados 2	recursos\img\Mobile\Portugues\6\Palavrasconectados2.png	https://play.google.com/store/apps/details?id=com.sgg.connect2&hl=pt_BR	O aplicativo "Palavras conectados 2" tem como objetivo verificar o acervo vocabular do aluno, bem como estimular o aprimoramento da escrita por meio da formação de palavras.	Formação de palavras.	DPII03,DPII04,DPII05,DPII19	Exercício e prática.	Português.	Second Gear Games.	Informações sobre a conexão Wi-Fi, outros.	34,27 MB.	4.0.3 ou superior.	1.0.5.	02/02/2021	6	Portugues	 
122	Amal - livro interativo sobre crianças refugiadas	recursos\img\Mobile\Portugues\7\Amal.png	https://play.google.com/store/apps/details?id=br.com.caixote.amal&hl=pt_BR&gl=US	O aplicativo "Amal - livro interativo sobre crianças refugiadas" é um livro digital interativo e narrado, cujo enredo gira em torno de uma criança refugiada, Amal. Ao longo do texto, o leitor pode verificar o conceito de palavras por meio de links inseridos sob o vocábulo.	Leitura. 	DPII06,DPII10,DPII12	Hipertexto.	Português.	Editora Caixote.	Fotos/mídia/arquivos, armazenamento, outros.	228 MB.	4.4 ou superior.	1.4.	08/02/2021	7	Portugues	 
123	Cinco Letras - Jogo de Palavras em Português	recursos\img\Mobile\Portugues\7\CincoLetras.png	https://play.google.com/store/apps/details?id=com.domain.cincoletras&hl=pt_BR&gl=US	O aplicativo "Cinco Letras - Jogo de Palavras em Português" é um jogo de formação de palavras. O recurso propõe ao usuário o reconhecimento e a formação de palavras, a partir de cinco letras disponíveis, dentro de um limite de tempo. Desse modo, o aluno poderá testar os seus conhecimentos acerca do vocabulário da Língua Portuguesa.	Formação de palavras. Vocabulário.	DPII03,DPII04,DPII19	Jogo.	Português.	CLB Developer.	Fotos/mídia/arquivos, armazenamento, câmera, outros.	8,75 MB.	5.0 ou superior.	1.1.	08/02/2021	7	Portugues	 
124	Jogo do Dicionário	recursos\img\Mobile\Portugues\7\JogodoDicionario.png	https://play.google.com/store/apps/details?id=com.pinkpointer.dictionary	O aplicativo "Jogo do Dicionário" busca explorar o conhecimento vocabular do aluno. O recurso propõe duas atividades acerca da conceituação de palavras. Na primeira, o usuário deve adivinhar a definição (conceito) do termo apresentado. Na segunda, ele deve adivinhar a palavra a partir do conceito lançado.	Conceituação de palavras. Vocabulário.	DPII01,DPII03,DPII18	Jogo.	Português.	Pink Pointer.	Informações sobre a conexão Wi-Fi, outros.	42,30 MB.	4.4 ou superior.	DG-2.2.7.	08/02/2021	7	Portugues	 
125	Palavras conectados 3	recursos\img\Mobile\Portugues\7\Palavrasconectados3.png	https://play.google.com/store/apps/details?id=com.sgg.connect3&hl=pt_BR	O aplicativo "Palavras conectados 3" tem como objetivo explorar o acervo vocabular do aluno e estimular a escrita por meio da formação de palavras.	Formação de palavras. Vocabulário.	DPII03,DPII04,DPII05,DPII19	Exercício e prática.	Português.	Second Gear Games.	Informações sobre a conexão Wi-Fi, outros.	40,29 MB.	4.0.3 ou superior.	1.0.2.	12/01/2021	7	Portugues	 
126	Trivia para todos	recursos\img\Mobile\Portugues\7\Triviaparatodos.png	https://play.google.com/store/apps/details?id=com.sgg.trivia&hl=pt_BR	O aplicativo "Trivia para todos" tem como objetivo trabalhar a ortografia por meio da formação de palavras, verificando o vocabulário e os conhecimentos de mundo do aluno.	Formação de palavras. Ortografia.	DPII03,DPII04,DPII05,DPII20	Exercício e prática.	Português.	Second Gear Games.	Informações sobre a conexão Wi-Fi, outros.	30,09 MB.	4.0.3 ou superior.	1.0.5.	12/01/2021	7	Portugues	 
127	Palavra impostor	recursos\img\Mobile\Portugues\7\Palavraimpostor.png	https://play.google.com/store/apps/details?id=com.sgg.imposter&hl=pt_BR	O aplicativo "Palavra impostor" estimula a escrita por meio da formação de palavras, contemplando o conhecimento vocabular do aluno, bem como a sua capacidade refexiva em situações-problema.	Formação de palavras. Vocabulário.	DPII03,DPII04,DPII05,DPII21	Exercício e prática.	Português.	Second Gear Games.	Informações sobre a conexão Wi-Fi, outros.	45,85 MB.	2.3.3 ou superior.	1.0.1.	12/01/2021	7	Portugues	 
128	Tipos de porquês	recursos\img\Mobile\Portugues\8\Tiposdeporques.png	https://play.google.com/store/apps/details?id=revissoft.com.porques&hl=pt_BR&gl=US	O aplicativo "Tipos de porquês" trabalha, de maneira lúdica, o emprego correto dos porquês. O recurso explica, brevemente, a diferença entre os quatro tipos de porquês, apresentando exemplos nos quais eles podem ocorrer. Disponibiliza, ainda, exercícios de fixação para que o usuário identifique a forma adequada do porquê.	Gramática. Uso dos porquês.	DPII19	Exercício e prática.	Português.	EDTEK STUDIO.	Outros (Visualizar conexões de rede, acesso total à rede, impedir modo ocioso do telefone).	14,39 MB.	5.0 ou superior.	1.2.0.2.	08/01/2021	8	Portugues	 
129	Português Coruja: Fácil e Divertido	recursos\img\Mobile\Portugues\8\Portuguescoruja.png	https://play.google.com/store/apps/details?id=br.com.heavygo.ptcoruja&hl=pt_BR&gl=US	O aplicativo "Português Coruja: Fácil e Divertido" trabalha, por meio de questões objetivas, diferentes conteúdos gramaticais, tais como: uso do hífen, paronímia, sinonímia, emprego correto de expressões ou palavras da nossa língua. Para cada questão respondida, o recurso apresenta um feedback, contextualizando o acerto ou o erro do item. 	Gramática. Semântica. Uso do hífen.	DPII03,DPII18,DPII19	Exercício e prática.	Português.	Heavy Go.	Fotos/mídia/arquivos, armazenamento, outros.	22,63 MB.	5.0 ou superior.	1.3.2002.	08/01/2021	8	Portugues	 
130	Os Porquês	recursos\img\Mobile\Portugues\8\OsPorques.png	https://play.google.com/store/apps/details?id=com.osporques.tecgus&hl=pt-BR	O aplicativo "Os Porquês" aborda as diferenças entre os tipos de porquês, explicitando as suas possibilidades de uso nas frases. O recurso apresenta um breve resumo teórico dos conceitos e, em seguida, traz exercícios de fixação para que o usuário pratique os conteúdos estudados. 	Gramática. Uso dos porquês.	DPII19	Exercício e prática.	Português.	TecGus Software e Educação.	Local, fotos/mídia/arquivos, armazenamento, informações sobre a conexão Wi-Fi, outros.	31,12 MB.	5.1 ou superior.	2000.9.11.	08/01/2021	8	Portugues	 
131	Virgulando	recursos\img\Mobile\Portugues\8\Virgulando.png	https://play.google.com/store/apps/details?id=com.wellmath.virgulando&hl=pt_BR	O aplicativo "Virgulando" aborda o estudo da vírgula e as possibilidades de uso nos diferentes contextos comunicacionais. O recurso apresenta as bases que fundamentam o emprego da vírgula e disponibiliza diferentes atividades práticas para a apropriação desse sinal de pontuação.	Gramática. Pontuação. Uso da vírgula.	DPII03,DPII17	Exercício e prática.	Português.	Mambee Lab.	Outros (Acesso total à rede).	8,56 MB.	5.1 ou superior.	1.1.0.0.	08/01/2021	8	Portugues	 
132	Vocabulando	recursos\img\Mobile\Portugues\8\Vocabulando.png	https://play.google.com/store/apps/details?id=com.astrocrow.vocabulando&hl=pt_BR	O aplicativo "Vocabulando" aborda diversos assuntos da gramática da Língua Portuguesa. Simulando um diálogo com o professor, o recurso apresenta um conjunto de perguntas e, para cada uma delas, dispõe duas opções como resposta. À medida que o aluno responde, o professor comenta, por meio de feedbacks, os temas abrangidos nas opções de respostas. 	Gramática. 	DPII03,DPII18,DPII19	Exercício e prática.	Português.	Astro Crow.	Fotos/mídia/arquivos, armazenamento, outros.	54,08 MB.	2.3.3 ou superior.	01.05.	08/01/2021	8	Portugues	 
133	O Mistério do Sr. Gratus	recursos\img\Mobile\Portugues\8\OMistériodoSr.Gratus.png	https://play.google.com/store/apps/details?id=com.storymax.gratus&hl=pt_BR&gl=US	O aplicativo "O Mistério do Sr. Gratus" é um livro digital interativo que permite ao usuário a construção de diferentes desfechos para a história. Embora a narrativa esteja centrada em temas de Ciências, o aplicativo possibilita o aprimoramento da habilidade de leitura, bem como o reconhecimento das características do gênero textual conto. Além de abordar assuntos que permeiam o cotidiano do usuário, dentre eles, a poluição do meio ambiente, os efeitos nocivos do plástico para os seres marinhos e a importância da coleta seletiva e da reciclagem, o RED conceitua, com uma linguagem simples, termos de Ciências, detalhados em uma seção extra.	Leitura. Gênero textual. Conto.	DPII06,DPII10,DPII12	Livro Digital / Animação.	Português.	StoryMax.	Outras (Receber dados da Internet, visualizar conexões de rede, acesso total à rede, controlar vibração, impedir o modo ocioso do telefone, receber dados da Internet).	121 MB.	4.0 ou superior.	1.0.23.	08/01/2021	8	Portugues	 
134	Nautilus	recursos\img\Mobile\Portugues\8\Nautilus.png	https://play.google.com/store/apps/details?id=air.com.storymax.nautilusport&hl=pt_BR&gl=US	O aplicativo "Nautilus" é um livro digital baseado na obra "Vinte mil léguas submarinas", do escritor francês Jules Verne. Com efeitos audiovisuais e telas interativas, o RED traz uma história ficcional que envolve mistério e ciência, proporcionando uma leitura engajadora, dinâmica e fluida. Em uma seção extra, o aplicativo apresenta informações sobre o autor e sua obra.	Leitura. Gênero textual. Conto.	DPII06,DPII10,DPII12	Livro Digital / Animação.	Português.	StoryMax.	Fotos/mídia/arquivos, armazenamento, informações sobre a conexão Wi-Fi, outros.	195 MB.	4.0 ou superior.	1.8.2003.	08/01/2021	8	Portugues	 
135	Ostras, de Tchéckov	recursos\img\Mobile\Portugues\8\OstrasdeTchéckov.png	https://play.google.com/store/apps/details?id=air.com.storymax.ostras&hl=pt_BR&gl=US	O aplicativo "Ostras, de Tchéckov" é um livro digital interativo baseado em um conto do escritor russo Anton Pávlovitch Tchékhov. O recurso trabalha, de maneira interdiciplinar, Literatura e Biologia, engajando o leitor em uma narrativa imersiva, cujo enredo gira em torno de um tema bastante atual: a fome. Além disso, o aplicativo apresenta, ainda, informações sobre os principais objetivos do Desenvolvimento Sustentável estabelecidos pela Organização das Nações Unidas, bem como traz curiosidades sobre o autor e sua obra. 	Leitura. Gênero textual. Conto.	DPII06,DPII10,DPII12	Livro Digital / Animação.	Português.	StoryMax.	Informações sobre a conexão Wi-Fi, armazenamento, fotos/mídia/arquivos, outros.	varia de acordo com o dispositivo.	4.0 ou superior.	0.0.3.	08/01/2021	8	Portugues	 
136	O Rei do Rio de Ouro	recursos\img\Mobile\Portugues\8\OReidoRiodeOuro.png	https://play.google.com/store/apps/details?id=air.com.storymax.riodeouro&hl=pt_BR&gl=US	O aplicativo "O Rei do Rio de Ouro" é um livro digital baseado em um conto do escritor inglês John Ruskin. Com efeitos audiovisuais nas telas, o recurso permite ao leitor uma narrativa engajadora e imersiva. Além do conto ilustrado, o aplicativo disponibiliza conteúdo extra sobre o autor e sua obra, bem como propõe atividades que abordam o uso consciente da água e a importância do saneamento básico. Assim, pode-se trabalhar, de maneira interdisciplinar, Literatura e Biologia.	Leitura. Gênero textual. Conto.	DPII06,DPII10,DPII12	Livro Digital / Animação.	Português.	StoryMax.	Outros (Acesso total à rede).	52,81 MB.	4.0 ou superior.	1.2.2000.	08/12/2020	8	Portugues	 
137	Decore as Conjunções!	recursos\img\Mobile\Portugues\9\Decoreasconjuncoes.png	https://play.google.com/store/apps/details?id=br.com.agenciastar.DecoreAsConjuncoes&hl=pt.	O aplicativo "Decore as Conjunções!" trabalha as conjunções coordenativas e subordinativas, apresentando atividades de reconhecimento e os contextos em que as conjunções ocorrem. 	Conjunções coordenativas e subordinativas.	DPII19	Exercício e prática.	Português.	Pest Apps.	Outros (Visualizar conexões de rede, acesso total à rede).	70,94 MB.	4.1 ou superior.	1.0.0c.	08/01/2021	9	Portugues	 
138	Orações Coordenadas!	recursos\img\Mobile\Portugues\9\OracoesCoordenadas.png	https://play.google.com/store/apps/details?id=livromagico.revissoft&hl=pt_BR&gl=US	O aplicativo "Orações Coordenadas!" trabalha, de maneira lúdica e interativa, as orações coordenadas assindéticas e sindéticas, apresentando as suas definições, suas características e seus tipos. Após uma breve explanação teórica do conteúdo, o recurso disponibiliza questões objetivas para que o usuário possa praticar os conceitos estudados.	Orações coordenadas sindéticas e assindéticas.	DPII19	Exercício e prática.	Português.	EDTEK STUDIO.	Outros (Visualizar conexões de rede, acesso total à rede, impedir modo ocioso do telefone).	14,02 MB.	5.0 ou superior.	1.2.0.1.	08/01/2021	9	Portugues	 
139	Literario	recursos\img\Mobile\Portugues\9\Literario.png	https://play.google.com/store/apps/details?id=br.com.apprendizado.literario3&hl=pt_BR&gl=US	O aplicativo "Literario" busca fomentar o interesse pela leitura, a partir da disponibilização de obras literárias de autores consagrados da Literatura Brasileira. O recurso traz um catálogo com alguns livros digitais que podem ser baixados pelo usuário. 	Leitura. Literatura Brasileira. 	DPII06,DPII10,DPII12	Livro Digital.	Português.	Apprendizado.	Outros (Visualizar conexões de rede, acesso total à rede, impedir modo ocioso do telefone).	14,44 MB.	5.0 ou superior.	1.2.	08/01/2021	9	Portugues	 
140	Machado de Assis Completo	recursos\img\Mobile\Portugues\9\MachadodeAssisCompleto.png	https://play.google.com/store/apps/details?id=inovapps2015.machadodeassiscompleto&hl=pt_BR&gl=US	O aplicativo "Machado de Assis Completo" traz uma coletânia das obras do escritor brasileiro Machado de Assis. Com elementos de gamificação, tais como desafios e recompensas, o recurso busca fomentar o interesse pela leitura, além de propiciar o acesso aos diferentes gêneros textuais nos quais o escritor desenvolveu as suas narrativas.  	Leitura. Literatura Brasileira. Machado de Assis.	DPII06,DPII10,DPII12	Livro Digital.	Português.	Alice Cristina.	Outras (Acesso total à rede, controlar vibração, instalar atalhos).	8,51 MB.	4.4 ou superior.	1.0.	08/12/2020	9	Portugues	 
141	Português Play	recursos\img\Mobile\Portugues\9\PortuguesPlay.png	https://play.google.com/store/apps/details?id=com.app.portugusplaya&hl=pt_BR&gl=US	O aplicativo "Português Play" apresenta um conjunto de dicas sobre Redação, Interpretação textual e Gramática, de modo a facilitar o acesso aos diferentes assuntos e contribuir com a aprendizagem do aluno. O recurso traz explanações teóricas, vídeos, podcasts e questões, em formato de quiz, que contemplam conteúdos da Língua Portuguesa, podendo ser aplicado com alunos do Ensino Fundamental e do Ensino Médio.	Gramática. Redação. Textualização.	DPII01,DPII04,DPII12,DPII18,DPII19	Hipermídia.	Português.	Professor Leo.	Contatos, local, telefone, fotos/mídia/arquivos, armazenamento, câmera, microfone, informações sobre a conexão Wi-Fi, ID do dispositivo e informações da chamada, outros.	49,70 MB.	4.4 ou superior.	1.0.	08/12/2020	9	Portugues	 
142	Alfabeto Melado - GRÁTIS	recursos\img\Mobile\Portugues\1\AlfabetoMelado.png	https://play.google.com/store/apps/details?id=air.com.martin.alfabet&hl=pt_BR	O aplicativo "Alfabeto Melado" aborda o alfabeto, contemplando o estudo sonoro e a forma de escrita das letras. O recurso propõe, ainda, atividades de reconhecimento da letra inicial de palavras com a imagem de objetos correspondentes. 	Estudo do alfabeto. Formação de palavras.	DPI01,DPI05	Exercício e prática.	Português.	Diogo Beltran.	Telefone, fotos/mídia/arquivos, armazenamento, informações sobre a conexão Wi-Fi, ID do dispositivo e informações de chamadas, outros.	71,06 MB.	2.3 ou superior.	1.1.2008.	17/04/2017	1	Portugues	